NUM_POSTE;NOM_USUEL;LAT;LON;ALTI;AAAAMM;RR;QRR;NBRR;RR_ME;RRAB;QRRAB;RRABDAT;NBJRR1;NBJRR5;NBJRR10;NBJRR30;NBJRR50;NBJRR100;PMERM;QPMERM;NBPMERM;PMERMINAB;QPMERMINAB;PMERMINABDAT;TX;QTX;NBTX;TX_ME;TXAB;QTXAB;TXDAT;TXMIN;QTXMIN;TXMINDAT;NBJTX0;NBJTX25;NBJTX30;NBJTX35;NBJTXI20;NBJTXI27;NBJTXS32;TN;QTN;NBTN;TN_ME;TNAB;QTNAB;TNDAT;TNMAX;QTNMAX;TNMAXDAT;NBJTN5;NBJTN10;NBJTNI10;NBJTNI15;NBJTNI20;NBJTNS20;NBJTNS25;NBJGELEE;TAMPLIM;QTAMPLIM;TAMPLIAB;QTAMPLIAB;TAMPLIABDAT;NBTAMPLI;TM;QTM;NBTM;TMM;QTMM;NBTMM;NBJTMS24;TMMIN;QTMMIN;TMMINDAT;TMMAX;QTMMAX;TMMAXDAT;UNAB;QUNAB;UNABDAT;NBUN;UXAB;QUXAB;UXABDAT;NBUX;UMM;QUMM;NBUM;TSVM;QTSVM;NBTSVM;ETP;QETP;FXIAB;QFXIAB;DXIAB;QDXIAB;FXIDAT;NBJFF10;NBJFF16;NBJFF28;NBFXI;FXI3SAB;QFXI3SAB;DXI3SAB;QDXI3SAB;FXI3SDAT;NBJFXI3S10;NBJFXI3S16;NBJFXI3S28;NBFXI3S;FXYAB;QFXYAB;DXYAB;QDXYAB;FXYABDAT;NBJFXY8;NBJFXY10;NBJFXY15;NBFXY;FFM;QFFM;NBFFM;INST;QINST;NBINST;NBSIGMA0;NBSIGMA20;NBSIGMA80;GLOT;QGLOT;NBGLOT;DIFT;QDIFT;NBDIFT;DIRT;QDIRT;NBDIRT;HNEIGEFTOT;QHNEIGEFTOT;HNEIGEFAB;QHNEIGEFAB;HNEIGEFDAT;NBHNEIGEF;NBJNEIG;NBJHNEIGEF1;NBJHNEIGEF5;NBJHNEIGEF10;NBJSOLNG;NEIGETOTM;QNEIGETOTM;NEIGETOTAB;QNEIGETOTAB;NEIGETOTABDAT;NBJNEIGETOT1;NBJNEIGETOT10;NBJNEIGETOT30;NBJGREL;NBJORAG;NBJBROU
75106001;LUXEMBOURG;48.844667;2.333833;46;202401;58.0;1;31;;25.0;1;17;9;4;1;0;0;0;;;0;;;;8.2;1;31;;15.4;1;24;-0.8;1;9;3;0;0;0;31;31;0;3.2;1;31;;-3.1;1;16;12.0;1;24;0;0;28;31;31;0;0;13;5.0;1;12.3;1;21;31;5.7;1;31;5.4;1;31;0;-1.4;1;9;13.7;1;24;;;;0;;;;0;;;0;;;0;;;;;;;;;;;0;;;;;;;;;0;;;;;;;;;0;;;0;;;0;;;;;;0;;;0;;;0;;;;;;0;;;;;;;;;;;;;;;;
75106001;LUXEMBOURG;48.844667;2.333833;46;202402;74.0;1;29;;13.7;1;21;12;7;2;0;0;0;;;0;;;;12.5;1;29;;19.7;1;15;9.2;1;25;0;0;0;0;29;29;0;7.9;1;29;;3.1;1;28;12.3;1;16;0;0;22;29;29;0;0;0;4.5;1;8.8;1;15;29;10.2;1;29;9.9;1;29;0;6.8;1;24;15.3;1;15;;;;0;;;;0;;;0;;;0;;;;;;;;;;;0;;;;;;;;;0;;;;;;;;;0;;;0;;;0;;;;;;0;;;0;;;0;;;;;;0;;;;;;;;;;;;;;;;
75106001;LUXEMBOURG;48.844667;2.333833;46;202403;85.6;1;31;;17.3;1;2;15;6;2;0;0;0;;;0;;;;15.0;1;31;;22.7;1;20;8.9;1;2;0;0;0;0;28;31;0;7.5;1;31;;2.5;1;4;13.4;1;15;0;0;24;31;31;0;0;0;7.5;1;13.9;1;20;31;11.3;1;31;10.7;1;31;0;7.3;1;2;16.2;1;21;;;;0;;;;0;;;0;;;0;;;;;;;;;;;0;;;;;;;;;0;;;;;;;;;0;;;0;;;0;;;;;;0;;;0;;;0;;;;;;0;;;;;;;;;;;;;;;;
75106001;LUXEMBOURG;48.844667;2.333833;46;202404;58.9;1;30;;12.1;1;4;12;5;1;0;0;0;;;0;;;;17.8;1;30;;27.6;1;13;12.2;1;19;0;1;0;0;22;29;0;8.9;1;30;;2.6;1;23;15.4;1;7;0;0;17;29;30;0;0;0;8.9;1;14.5;1;13;30;13.3;1;30;12.8;1;30;0;8.6;1;20;20.4;1;13;;;;0;;;;0;;;0;;;0;;;;;;;;;;;0;;;;;;;;;0;;;;;;;;;0;;;0;;;0;;;;;;0;;;0;;;0;;;;;;0;;;;;;;;;;;;;;;;
75106001;LUXEMBOURG;48.844667;2.333833;46;202405;90.5;1;31;;13.7;1;29;15;8;3;0;0;0;;;0;;;;21.0;1;31;;28.4;1;11;13.7;1;2;0;3;0;0;12;29;0;12.2;1;31;;7.5;1;4;16.2;1;26;0;0;6;29;31;0;0;0;8.8;1;16.2;1;11;31;16.6;1;31;16.1;1;31;0;11.2;1;4;20.9;1;12;;;;0;;;;0;;;0;;;0;;;;;;;;;;;0;;;;;;;;;0;;;;;;;;;0;;;0;;;0;;;;;;0;;;0;;;0;;;;;;0;;;;;;;;;;;;;;;;
75106001;LUXEMBOURG;48.844667;2.333833;46;202406;33.9;1;30;;4.8;1;18;8;0;0;0;0;0;;;0;;;;24.1;1;30;;33.0;1;26;14.4;1;1;0;11;3;0;6;26;2;13.4;1;30;;8.6;1;12;19.2;1;27;0;0;5;20;30;0;0;0;10.6;1;15.3;1;25;30;18.8;1;30;18.4;1;30;3;13.7;1;1;25.8;1;26;;;;0;;;;0;;;0;;;0;;;;;;;;;;;0;;;;;;;;;0;;;;;;;;;0;;;0;;;0;;;;;;0;;;0;;;0;;;;;;0;;;;;;;;;;;;;;;;
75106001;LUXEMBOURG;48.844667;2.333833;46;202407;59.9;1;31;;16.7;1;11;11;3;2;0;0;0;;;0;;;;26.9;1;31;;37.5;1;30;18.9;1;27;0;20;6;2;1;17;4;15.9;1;31;;11.3;1;7;20.9;1;31;0;0;0;12;29;2;0;0;11.0;1;18.1;1;30;31;21.4;1;31;21.0;1;31;5;17.0;1;7;28.5;1;30;;;;0;;;;0;;;0;;;0;;;;;;;;;;;0;;;;;;;;;0;;;;;;;;;0;;;0;;;0;;;;;;0;;;0;;;0;;;;;;0;;;;;;;;;;;;;;;;
75106001;LUXEMBOURG;48.844667;2.333833;46;202408;57.3;1;31;;19.6;1;17;6;4;3;0;0;0;;;0;;;;27.8;1;31;;37.6;1;12;19.1;1;30;0;25;9;1;1;15;4;16.6;1;31;;11.1;1;26;21.1;1;12;0;0;0;10;28;4;0;0;11.2;1;18.2;1;28;31;22.2;1;31;21.8;1;31;3;17.8;1;30;29.4;1;12;;;;0;;;;0;;;0;;;0;;;;;;;;;;;0;;;;;;;;;0;;;;;;;;;0;;;0;;;0;;;;;;0;;;0;;;0;;;;;;0;;;;;;;;;;;;;;;;
75106001;LUXEMBOURG;48.844667;2.333833;46;202409;109.8;1;30;;18.5;1;25;15;8;3;0;0;0;;;0;;;;21.4;1;30;;29.3;1;1;14.3;1;29;0;7;0;0;13;28;0;13.1;1;30;;6.1;1;29;18.6;1;2;0;0;6;22;30;0;0;0;8.3;1;15.8;1;15;30;17.3;1;30;16.5;1;30;0;10.2;1;29;23.5;1;1;;;;0;;;;0;;;0;;;0;;;;;;;;;;;0;;;;;;;;;0;;;;;;;;;0;;;0;;;0;;;;;;0;;;0;;;0;;;;;;0;;;;;;;;;;;;;;;;
75106001;LUXEMBOURG;48.844667;2.333833;46;202410;159.3;1;31;;71.0;1;9;13;3;3;2;1;0;;;0;;;;18.4;1;31;;26.4;1;16;11.9;1;31;0;1;0;0;23;31;0;11.4;1;31;;5.9;1;5;16.3;1;17;0;0;8;28;31;0;0;0;6.9;1;13.9;1;5;31;14.9;1;31;14.3;1;31;0;11.1;1;31;20.9;1;16;;;;0;;;;0;;;0;;;0;;;;;;;;;;;0;;;;;;;;;0;;;;;;;;;0;;;0;;;0;;;;;;0;;;0;;;0;;;;;;0;;;;;;;;;;;;;;;;
75106001;LUXEMBOURG;48.844667;2.333833;46;202411;48.8;1;30;;18.7;1;19;5;4;2;0;0;0;;;0;;;;11.7;1;30;;17.6;1;24;2.2;1;21;0;0;0;0;30;30;0;7.0;1;30;;0.1;1;22;10.2;1;2;0;0;28;30;30;0;0;0;4.7;1;12.0;1;4;30;9.3;1;30;9.0;1;30;0;1.4;1;21;13.4;1;24;;;;0;;;;0;;;0;;;0;;;;;;;;;;;0;;;;;;;;;0;;;;;;;;;0;;;0;;;0;;;;;;0;;;0;;;0;;;;;;0;;;;;;;;;;;;;;;;
75106001;LUXEMBOURG;48.844667;2.333833;46;202412;57.5;1;31;;16.3;1;21;10;4;1;0;0;0;;;0;;;;8.8;1;31;;14.0;1;18;2.2;1;28;0;0;0;0;31;31;0;4.8;1;31;;-0.9;1;28;9.4;1;6;0;0;31;31;31;0;0;1;4.0;1;10.7;1;1;31;6.8;1;31;6.8;1;31;0;0.7;1;28;10.6;1;6;;;;0;;;;0;;;0;;;0;;;;;;;;;;;0;;;;;;;;;0;;;;;;;;;0;;;0;;;0;;;;;;0;;;0;;;0;;;;;;0;;;;;;;;;;;;;;;;
75106001;LUXEMBOURG;48.844667;2.333833;46;202501;110.5;1;31;;20.3;1;22;14;7;5;0;0;0;;;0;;;;8.0;1;31;;13.3;1;24;0.9;1;20;0;0;0;0;31;31;0;2.7;1;31;;-3.0;1;14;9.1;1;27;0;0;31;31;31;0;0;8;5.3;1;13.7;1;4;31;5.4;1;31;5.1;1;31;0;0.3;1;20;10.8;1;27;;;;0;;;;0;;;0;;;0;;;;;;;;;;;0;;;;;;;;;0;;;;;;;;;0;;;0;;;0;;;;;;0;;;0;;;0;;;;;;0;;;;;;;;;;;;;;;;
75106001;LUXEMBOURG;48.844667;2.333833;46;202502;41.5;1;28;;22.3;1;25;8;2;1;0;0;0;;;0;;;;9.3;1;28;;16.4;1;21;3.7;1;4;0;0;0;0;28;28;0;3.4;1;28;;-1.2;1;15;10.8;1;24;0;0;25;28;28;0;0;7;6.0;1;10.5;1;2;28;6.3;1;28;6.0;1;28;0;1.5;1;4;13.5;1;21;;;;0;;;;0;;;0;;;0;;;;;;;;;;;0;;;;;;;;;0;;;;;;;;;0;;;0;;;0;;;;;;0;;;0;;;0;;;;;;0;;;;;;;;;;;;;;;;
75106001;LUXEMBOURG;48.844667;2.333833;46;202503;19.6;1;31;;5.0;1;22;5;1;0;0;0;0;;;0;;;;16.0;1;31;;21.0;1;20;8.6;1;14;0;0;0;0;28;31;0;5.9;1;31;;1.0;1;2;11.8;1;22;0;0;28;31;31;0;0;0;10.1;1;17.4;1;5;31;11.0;1;31;10.1;1;31;0;5.2;1;14;15.7;1;21;;;;0;;;;0;;;0;;;0;;;;;;;;;;;0;;;;;;;;;0;;;;;;;;;0;;;0;;;0;;;;;;0;;;0;;;0;;;;;;0;;;;;;;;;;;;;;;;
75106001;LUXEMBOURG;48.844667;2.333833;46;202504;31.1;1;30;;11.1;1;23;6;2;1;0;0;0;;;0;;;;21.1;1;30;;29.9;1;30;15.3;1;16;0;5;0;0;14;27;0;8.8;1;30;;4.8;1;8;13.3;1;13;0;0;20;30;30;0;0;0;12.2;1;18.1;1;30;30;14.9;1;30;14.5;1;30;0;12.0;1;16;20.9;1;30;;;;0;;;;0;;;0;;;0;;;;;;;;;;;0;;;;;;;;;0;;;;;;;;;0;;;0;;;0;;;;;;0;;;0;;;0;;;;;;0;;;;;;;;;;;;;;;;
75106001;LUXEMBOURG;48.844667;2.333833;46;202505;20.2;1;31;;9.0;1;21;6;2;0;0;0;0;;;0;;;;23.2;1;31;;31.2;1;30;16.9;1;5;0;9;3;0;8;24;0;11.3;1;31;;6.7;1;5;16.1;1;31;0;0;15;28;31;0;0;0;11.9;1;16.9;1;30;31;17.2;1;31;16.9;1;31;0;11.8;1;5;23.3;1;31;;;;0;;;;0;;;0;;;0;;;;;;;;;;;0;;;;;;;;;0;;;;;;;;;0;;;0;;;0;;;;;;0;;;0;;;0;;;;;;0;;;;;;;;;;;;;;;;
75106001;LUXEMBOURG;48.844667;2.333833;46;202506;41.7;1;30;;19.1;1;25;5;2;2;0;0;0;;;0;;;;28.5;1;30;;36.7;1;30;19.7;1;5;0;20;14;3;1;12;8;16.5;1;30;;11.2;1;9;22.4;1;22;0;0;0;10;26;4;0;0;11.9;1;17.8;1;25;30;22.5;1;30;22.2;1;30;12;17.1;1;5;28.5;1;30;;;;0;;;;0;;;0;;;0;;;;;;;;;;;0;;;;;;;;;0;;;;;;;;;0;;;0;;;0;;;;;;0;;;0;;;0;;;;;;0;;;;;;;;;;;;;;;;
75106001;LUXEMBOURG;48.844667;2.333833;46;202507;115.1;1;31;;28.0;1;21;13;7;4;0;0;0;;;0;;;;27.4;1;31;;39.1;1;1;20.2;1;6;0;21;6;1;0;15;4;16.8;1;31;;11.7;1;9;21.7;1;2;0;0;0;7;27;4;0;0;10.6;1;18.0;1;1;31;22.1;1;31;21.5;1;31;6;17.0;1;6;30.1;1;1;;;;0;;;;0;;;0;;;0;;;;;;;;;;;0;;;;;;;;;0;;;;;;;;;0;;;0;;;0;;;;;;0;;;0;;;0;;;;;;0;;;;;;;;;;;;;;;;
75106001;LUXEMBOURG;48.844667;2.333833;46;202508;24.6;1;31;;16.0;1;29;5;1;1;0;0;0;;;0;;;;28.2;1;31;;36.5;1;12;20.3;1;20;0;26;11;2;0;13;5;16.2;1;31;;11.8;1;25;21.0;1;14;0;0;0;9;29;2;0;0;12.0;1;17.9;1;25;31;22.2;1;31;21.5;1;31;5;18.5;1;30;28.1;1;13;;;;0;;;;0;;;0;;;0;;;;;;;;;;;0;;;;;;;;;0;;;;;;;;;0;;;0;;;0;;;;;;0;;;0;;;0;;;;;;0;;;;;;;;;;;;;;;;
75106001;LUXEMBOURG;48.844667;2.333833;46;202509;50.4;1;30;;8.2;1;23;12;4;0;0;0;0;;;0;;;;22.1;1;30;;31.9;1;19;10.8;1;24;0;6;2;0;8;28;0;12.9;1;30;;7.6;1;28;18.9;1;20;0;0;7;24;30;0;0;0;9.2;1;19.4;1;19;30;17.5;1;30;16.6;1;30;0;10.5;1;24;23.9;1;7;;;;0;;;;0;;;0;;;0;;;;;;;;;;;0;;;;;;;;;0;;;;;;;;;0;;;0;;;0;;;;;;0;;;0;;;0;;;;;;0;;;;;;;;;;;;;;;;
75106001;LUXEMBOURG;48.844667;2.333833;46;202510;15.6;1;10;;10.8;1;4;2;1;1;0;0;0;;;0;;;;19.6;1;10;;22.5;1;1;15.5;1;10;0;0;0;0;6;10;0;10.6;1;10;;9.1;1;2;12.3;1;3;0;0;3;10;10;0;0;0;9.0;1;13.3;1;1;10;15.1;1;10;14.4;1;10;0;13.0;1;10;16.7;1;9;;;;0;;;;0;;;0;;;0;;;;;;;;;;;0;;;;;;;;;0;;;;;;;;;0;;;0;;;0;;;;;;0;;;0;;;0;;;;;;0;;;;;;;;;;;;;;;;
75107005;TOUR EIFFEL;48.858333;2.294500;330;202401;;;0;;;;;;;;;;;;;0;;;;6.0;1;31;;13.1;1;29;-3.5;1;9;4;0;0;0;31;31;0;1.8;1;31;;-5.1;1;9;10.0;1;24;1;0;31;31;31;0;0;14;4.2;1;12.1;1;21;31;3.9;1;31;3.7;1;31;0;-4.3;1;9;11.3;1;24;;;;0;;;;0;;;0;;;0;;;36.7;1;210;1;2;29;18;7;31;33.2;1;;0;2;27;14;5;29;23.2;1;210;1;2;28;26;10;30;8.3;1;31;;;0;;;;;;0;;;0;;;0;;;;;;0;;;;;;;;;;;;;;;;
75107005;TOUR EIFFEL;48.858333;2.294500;330;202402;;;0;;;;;;;;;;;;;0;;;;9.9;1;29;;17.1;1;15;6.9;1;24;0;0;0;0;29;29;0;6.0;1;29;;1.6;1;24;11.6;1;15;0;0;28;29;29;0;0;0;3.9;1;6.5;1;13;29;8.0;1;29;7.8;1;23;0;4.3;1;24;14.4;1;15;;;;0;;;;0;;;0;;;0;;;38.4;1;270;1;22;27;17;1;29;35.5;1;;0;22;21;14;1;22;27.3;1;270;1;22;21;21;7;22;7.7;1;29;;;0;;;;;;0;;;0;;;0;;;;;;0;;;;;;;;;;;;;;;;
75107005;TOUR EIFFEL;48.858333;2.294500;330;202403;;;0;;;;;;;;;;;;;0;;;;11.8;1;31;;19.9;1;20;6.8;1;2;0;0;0;0;31;31;0;6.3;1;31;;2.5;1;8;12.2;1;20;0;0;27;31;31;0;0;0;5.4;1;8.9;1;8;31;9.0;1;31;8.7;1;31;0;5.2;1;3;16.1;1;20;;;;0;;;;0;;;0;;;0;;;29.2;1;200;1;28;27;18;2;31;28.3;1;;0;28;27;16;1;31;20.7;1;200;1;28;28;23;10;31;7.2;1;31;;;0;;;;;;0;;;0;;;0;;;;;;0;;;;;;;;;;;;;;;;
75107005;TOUR EIFFEL;48.858333;2.294500;330;202404;;;0;;;;;;;;;;;;;0;;;;13.7;1;30;;24.3;1;13;6.4;1;24;0;0;0;0;26;30;0;7.3;1;30;;1.1;1;23;16.2;1;13;0;0;24;29;30;0;0;0;6.4;1;10.9;1;8;30;10.5;1;30;10.5;1;27;0;4.5;1;23;20.3;1;13;;;;0;;;;0;;;0;;;0;;;28.1;1;230;1;4;28;17;1;30;26.6;1;;0;4;24;14;0;26;20.3;1;260;1;4;24;20;7;26;7.1;1;30;;;0;;;;;;0;;;0;;;0;;;;;;0;;;;;;;;;;;;;;;;
75107005;TOUR EIFFEL;48.858333;2.294500;330;202405;;;0;;;;;;;;;;;;;0;;;;15.2;1;22;;23.0;1;12;9.9;1;2;0;0;0;0;21;22;0;9.3;1;22;;2.4;1;2;13.7;1;12;0;0;15;22;22;0;0;0;5.9;1;9.7;1;25;22;12.3;1;22;12.0;1;22;0;6.2;1;2;18.4;1;12;;;;0;;;;0;;;0;;;0;;;21.4;1;230;1;12;24;12;0;31;19.9;1;;0;12;20;6;0;22;15.0;1;280;1;2;19;13;1;22;4.9;1;31;;;0;;;;;;0;;;0;;;0;;;;;;0;;;;;;;;;;;;;;;;
75107005;TOUR EIFFEL;48.858333;2.294500;330;202406;;;0;;;;;;;;;;;;;0;;;;18.0;1;30;;27.3;1;26;9.1;1;1;0;3;0;0;20;29;0;11.0;1;30;;6.7;1;3;21.6;1;27;0;0;15;27;29;1;0;0;7.0;1;10.1;1;17;30;14.5;1;30;14.3;1;30;0;8.7;1;1;24.3;1;27;;;;0;;;;0;;;0;;;0;;;22.4;1;230;9;14;27;7;0;30;20.6;1;;0;14;27;5;0;30;15.2;1;260;9;21;26;21;2;30;5.7;1;30;;;0;;;;;;0;;;0;;;0;;;;;;0;;;;;;;;;;;;;;;;
75107005;TOUR EIFFEL;48.858333;2.294500;330;202407;;;0;;;;;;;;;;;;;0;;;;23.2;1;31;;34.5;1;30;16.4;1;12;0;12;2;0;9;25;2;15.4;1;31;;10.8;1;3;23.6;1;30;0;0;0;18;28;3;0;0;7.8;1;12.5;1;5;31;19.3;1;31;19.1;1;31;5;14.0;1;12;29.1;1;30;;;;0;;;;0;;;0;;;0;;;21.5;1;240;9;15;26;8;0;31;20.8;1;;0;15;23;5;0;30;17.3;1;280;1;4;25;18;3;30;5.3;1;31;;;0;;;;;;0;;;0;;;0;;;;;;0;;;;;;;;;;;;;;;;
75107005;TOUR EIFFEL;48.858333;2.294500;330;202408;;;0;;;;;;;;;;;;;0;;;;24.1;1;31;;34.5;1;12;16.7;1;30;0;11;1;0;4;24;1;16.0;1;31;;10.8;1;21;23.1;1;12;0;0;0;12;28;3;0;0;8.1;1;13.1;1;10;31;20.1;1;31;19.9;1;31;3;14.9;1;21;28.8;1;12;;;;0;;;;0;;;0;;;0;;;24.1;1;260;1;24;25;5;0;31;22.9;1;;0;24;24;3;0;30;16.9;1;260;1;24;24;17;2;30;5.4;1;31;;;0;;;;;;0;;;0;;;0;;;;;;0;;;;;;;;;;;;;;;;
75107005;TOUR EIFFEL;48.858333;2.294500;330;202409;;;0;;;;;;;;;;;;;0;;;;17.4;1;30;;26.0;1;1;12.0;1;28;0;1;0;0;23;30;0;12.2;1;30;;6.8;1;13;20.3;1;1;0;0;9;25;29;1;0;0;5.1;1;9.5;1;18;30;14.8;1;30;14.7;1;30;0;10.0;1;12;23.2;1;1;;;;0;;;;0;;;0;;;0;;;26.9;1;200;1;26;27;16;0;30;23.2;1;;0;26;24;12;0;26;19.1;1;300;1;11;27;21;7;28;7.5;1;30;;;0;;;;;;0;;;0;;;0;;;;;;0;;;;;;;;;;;;;;;;
75107005;TOUR EIFFEL;48.858333;2.294500;330;202410;;;0;;;;;;;;;;;;;0;;;;15.0;1;31;;22.9;1;16;9.4;1;31;0;0;0;0;30;31;0;10.5;1;31;;6.5;1;4;15.5;1;16;0;0;13;30;31;0;0;0;4.4;1;9.5;1;24;31;12.8;1;31;12.5;1;31;0;8.7;1;31;19.2;1;16;;;;0;;;;0;;;0;;;0;;;24.6;1;200;1;9;25;15;0;31;22.5;1;;0;9;24;11;0;30;17.7;1;170;1;16;24;21;4;30;6.7;1;31;;;0;;;;;;0;;;0;;;0;;;;;;0;;;;;;;;;;;;;;;;
75107005;TOUR EIFFEL;48.858333;2.294500;330;202411;;;0;;;;;;;;;;;;;0;;;;9.5;1;30;;16.1;1;24;2.6;1;21;0;0;0;0;30;30;0;5.5;1;30;;-1.5;1;21;8.9;1;24;0;0;30;30;30;0;0;2;4.0;1;12.8;1;23;30;7.5;1;30;7.3;1;30;0;0.6;1;21;12.5;1;24;;;;0;;;;0;;;0;;;0;;;33.3;1;200;1;24;23;11;3;30;28.7;1;;0;19;18;9;2;26;22.4;1;180;1;24;20;16;8;28;7.5;1;30;;;0;;;;;;0;;;0;;;0;;;;;;0;;;;;;;;;;;;;;;;
75107005;TOUR EIFFEL;48.858333;2.294500;330;202412;;;0;;;;;;;;;;;;;0;;;;6.8;1;31;;12.4;1;5;0.1;1;28;0;0;0;0;31;31;0;3.0;1;31;;-2.5;1;28;7.7;1;2;0;0;31;31;31;0;0;6;3.9;1;11.5;1;1;31;4.9;1;31;4.9;1;31;0;-1.2;1;28;9.0;1;2;;;;0;;;;0;;;0;;;0;;;38.2;1;280;9;5;22;16;7;31;35.3;1;;0;5;21;13;3;30;25.3;1;280;9;5;20;19;11;30;7.7;1;31;;;0;;;;;;0;;;0;;;0;;;;;;0;;;;;;;;;;;;;;;;
75107005;TOUR EIFFEL;48.858333;2.294500;330;202501;;;0;;;;;;;;;;;;;0;;;;5.9;1;31;;11.2;1;24;-0.4;1;18;2;0;0;0;31;31;0;1.1;1;31;;-2.8;1;11;6.8;1;27;0;0;31;31;31;0;0;13;4.8;1;12.1;1;5;31;3.5;1;31;3.4;1;31;0;-1.5;1;11;8.4;1;24;;;;0;;;;0;;;0;;;0;;;42.1;1;180;1;27;23;15;8;31;40.1;1;;0;27;21;14;5;29;29.4;1;180;1;27;21;19;12;29;7.8;1;31;;;0;;;;;;0;;;0;;;0;;;;;;0;;;;;;;;;;;;;;;;
75107005;TOUR EIFFEL;48.858333;2.294500;330;202502;;;0;;;;;;;;;;;;;0;;;;6.4;1;28;;14.0;1;21;1.8;1;15;0;0;0;0;28;28;0;2.1;1;28;;-2.3;1;4;11.1;1;21;0;0;27;28;28;0;0;10;4.3;1;10.5;1;19;28;4.3;1;28;4.2;1;28;0;-0.1;1;15;12.6;1;21;;;;0;;;;0;;;0;;;0;;;27.0;1;300;1;25;24;12;0;28;25.9;1;;0;25;22;8;0;28;21.9;1;300;1;25;25;18;4;28;6.7;1;28;;;0;;;;;;0;;;0;;;0;;;;;;0;;;;;;;;;;;;;;;;
75107005;TOUR EIFFEL;48.858333;2.294500;330;202503;;;0;;;;;;;;;;;;;0;;;;11.7;1;31;;17.3;1;20;3.7;1;1;0;0;0;0;31;31;0;5.3;1;31;;-0.9;1;15;10.5;1;21;0;0;29;31;31;0;0;2;6.4;1;10.7;1;18;31;8.5;1;31;8.3;1;31;0;2.3;1;15;13.9;1;21;;;;0;;;;0;;;0;;;0;;;21.8;1;140;9;8;27;13;0;31;20.3;1;;0;28;24;7;0;30;17.0;1;50;1;2;27;19;3;30;6.7;1;31;;;0;;;;;;0;;;0;;;0;;;;;;0;;;;;;;;;;;;;;;;
75107005;TOUR EIFFEL;48.858333;2.294500;330;202504;;;0;;;;;;;;;;;;;0;;;;16.2;1;30;;24.6;1;30;11.9;1;1;0;0;0;0;24;30;0;8.7;1;30;;3.5;1;10;17.3;1;30;0;0;21;29;30;0;0;0;7.5;1;11.0;1;11;30;12.5;1;30;12.6;1;30;0;8.5;1;10;21.0;1;30;;;;0;;;;0;;;0;;;0;;;23.0;1;60;9;1;28;12;0;30;21.4;1;;0;1;26;9;0;29;17.3;1;60;9;1;27;20;4;29;6.8;1;30;;;0;;;;;;0;;;0;;;0;;;;;;0;;;;;;;;;;;;;;;;
75107005;TOUR EIFFEL;48.858333;2.294500;330;202505;;;0;;;;;;;;;;;;;0;;;;18.5;1;31;;29.0;1;30;11.0;1;5;0;3;0;0;21;29;0;10.6;1;31;;4.1;1;5;18.4;1;1;0;0;14;27;31;0;0;0;7.9;1;12.4;1;30;31;14.5;1;31;14.4;1;31;0;7.6;1;5;22.8;1;31;;;;0;;;;0;;;0;;;0;;;27.4;1;270;1;3;30;8;0;31;26.4;1;;0;3;28;6;0;31;18.7;1;290;1;3;29;22;3;31;6.4;1;31;;;0;;;;;;0;;;0;;;0;;;;;;0;;;;;;;;;;;;;;;;
75107005;TOUR EIFFEL;48.858333;2.294500;330;202506;;;0;;;;;;;;;;;;;0;;;;24.4;1;30;;34.7;1;25;16.4;1;5;0;14;5;0;7;20;3;15.6;1;30;;10.1;1;8;21.5;1;21;0;0;0;14;28;2;0;0;8.8;1;15.5;1;24;30;20.0;1;30;19.8;1;30;4;13.4;1;8;27.4;1;25;;;;0;;;;0;;;0;;;0;;;31.1;1;240;1;25;27;11;2;30;28.7;1;;0;25;26;8;2;30;22.1;1;270;1;13;25;19;6;30;5.6;1;30;;;0;;;;;;0;;;0;;;0;;;;;;0;;;;;;;;;;;;;;;;
75107005;TOUR EIFFEL;48.858333;2.294500;330;202507;;;0;;;;;;;;;;;;;0;;;;23.3;1;31;;37.9;1;1;16.3;1;7;0;10;2;1;9;27;1;15.8;1;31;;12.0;1;8;27.7;1;1;0;0;0;15;29;2;1;0;7.4;1;14.2;1;9;31;19.6;1;31;19.2;9;28;2;14.4;1;7;32.8;1;1;;;;0;;;;0;;;0;;;0;;;23.8;1;300;1;2;28;11;0;31;21.5;1;;0;2;26;9;0;30;16.7;1;180;1;21;26;18;4;30;6.0;1;31;;;0;;;;;;0;;;0;;;0;;;;;;0;;;;;;;;;;;;;;;;
75107005;TOUR EIFFEL;48.858333;2.294500;330;202508;;;0;;;;;;;;;;;;;0;;;;23.8;1;31;;32.5;1;12;17.8;1;20;0;11;2;0;7;23;2;16.0;1;31;;12.3;1;22;23.9;1;13;0;0;0;13;29;3;0;0;7.8;1;11.3;1;7;31;19.9;1;31;19.6;1;31;3;15.4;1;22;28.0;1;13;;;;0;;;;0;;;0;;;0;;;22.3;1;200;1;29;24;7;0;31;20.0;1;;0;29;24;2;0;31;15.2;1;180;9;30;24;17;2;30;5.7;1;31;;;0;;;;;;0;;;0;;;0;;;;;;0;;;;;;;;;;;;;;;;
75107005;TOUR EIFFEL;48.858333;2.294500;330;202509;;;0;;;;;;;;;;;;;0;;;;18.6;1;30;;29.5;1;19;9.6;1;24;0;2;0;0;19;28;0;12.4;1;30;;7.5;1;26;19.6;1;19;0;0;6;25;30;0;0;0;6.2;1;11.2;1;7;30;15.5;1;30;15.1;1;30;1;8.8;1;24;24.6;1;19;;;;0;;;;0;;;0;;;0;;;29.8;1;200;1;3;26;19;1;30;28.2;1;;0;3;25;17;1;29;19.0;1;200;1;3;27;24;9;29;7.5;1;30;;;0;;;;;;0;;;0;;;0;;;;;;0;;;;;;;;;;;;;;;;
75107005;TOUR EIFFEL;48.858333;2.294500;330;202510;;;0;;;;;;;;;;;;;0;;;;15.3;1;9;;17.1;1;2;11.7;1;10;0;0;0;0;9;9;0;10.4;1;9;;8.4;1;4;11.7;1;9;0;0;4;9;9;0;0;0;5.1;1;8.0;1;4;8;12.9;1;8;12.9;1;10;0;10.8;1;10;14.3;1;3;;;;0;;;;0;;;0;;;0;;;30.0;1;270;1;4;7;3;1;10;29.0;1;;0;4;5;3;1;8;21.6;1;290;1;4;6;4;2;8;6.5;1;10;;;0;;;;;;0;;;0;;;0;;;;;;0;;;;;;;;;;;;;;;;
75110001;LARIBOISIERE;48.882833;2.352000;55;202401;51.8;1;31;;23.0;1;17;7;4;1;0;0;0;;;0;;;;7.9;1;31;;14.6;1;24;-0.4;1;9;1;0;0;0;31;31;0;4.1;1;31;;-1.8;1;14;12.2;1;24;0;0;27;31;31;0;0;9;3.8;1;11.7;1;21;31;6.0;1;31;5.9;1;31;0;-1.1;1;9;13.4;1;24;;;;0;;;;0;;;0;;;0;;;;;;;;;;;0;;;;;;;;;0;;;;;;;;;0;;;0;;;0;;;;;;0;;;0;;;0;;;;;;0;;;;;;;;;;;;;;;;
75110001;LARIBOISIERE;48.882833;2.352000;55;202402;66.0;1;29;;10.9;1;22;12;6;1;0;0;0;;;0;;;;12.3;1;29;;18.7;1;15;9.3;1;24;0;0;0;0;29;29;0;8.5;1;29;;4.5;1;24;12.8;1;16;0;0;20;29;29;0;0;0;3.7;1;6.7;1;15;29;10.4;1;29;10.2;1;29;0;6.9;1;24;15.4;1;15;;;;0;;;;0;;;0;;;0;;;;;;;;;;;0;;;;;;;;;0;;;;;;;;;0;;;0;;;0;;;;;;0;;;0;;;0;;;;;;0;;;;;;;;;;;;;;;;
75110001;LARIBOISIERE;48.882833;2.352000;55;202403;96.2;1;31;;16.9;1;2;15;9;3;0;0;0;;;0;;;;14.2;1;31;;20.8;1;20;8.9;1;2;0;0;0;0;30;31;0;8.6;1;31;;4.8;1;7;13.3;1;15;0;0;22;31;31;0;0;0;5.7;1;9.8;1;14;31;11.4;1;31;11.1;1;31;0;7.6;1;2;16.1;1;20;;;;0;;;;0;;;0;;;0;;;;;;;;;;;0;;;;;;;;;0;;;;;;;;;0;;;0;;;0;;;;;;0;;;0;;;0;;;;;;0;;;;;;;;;;;;;;;;
75110001;LARIBOISIERE;48.882833;2.352000;55;202404;54.7;1;30;;7.8;1;27;10;7;0;0;0;0;;;0;;;;16.7;1;30;;26.4;1;13;11.0;1;24;0;1;0;0;25;30;0;9.9;1;30;;4.3;1;23;15.8;1;7;0;0;16;28;30;0;0;0;6.8;1;11.3;1;13;30;13.3;1;30;13.0;1;30;0;8.1;1;23;20.8;1;13;;;;0;;;;0;;;0;;;0;;;;;;;;;;;0;;;;;;;;;0;;;;;;;;;0;;;0;;;0;;;;;;0;;;0;;;0;;;;;;0;;;;;;;;;;;;;;;;
75110001;LARIBOISIERE;48.882833;2.352000;55;202405;104.6;1;31;;19.9;1;20;14;11;3;0;0;0;;;0;;;;20.2;1;31;;28.2;1;11;14.1;1;2;0;2;0;0;13;30;0;13.4;1;31;;9.1;1;4;17.6;1;12;0;0;3;27;31;0;0;0;6.7;1;13.6;1;11;31;16.8;1;31;16.4;1;31;0;12.0;1;4;22.2;1;12;;;;0;;;;0;;;0;;;0;;;;;;;;;;;0;;;;;;;;;0;;;;;;;;;0;;;0;;;0;;;;;;0;;;0;;;0;;;;;;0;;;;;;;;;;;;;;;;
75110001;LARIBOISIERE;48.882833;2.352000;55;202406;32.6;1;30;;7.6;1;21;9;2;0;0;0;0;;;0;;;;23.2;1;30;;31.9;1;26;14.5;1;1;0;8;3;0;7;26;0;14.9;1;30;;10.5;1;3;23.1;1;27;0;0;0;16;28;2;0;0;8.3;1;12.3;1;3;30;19.1;1;30;18.8;1;30;3;13.9;1;1;27.1;1;27;;;;0;;;;0;;;0;;;0;;;;;;;;;;;0;;;;;;;;;0;;;;;;;;;0;;;0;;;0;;;;;;0;;;0;;;0;;;;;;0;;;;;;;;;;;;;;;;
75110001;LARIBOISIERE;48.882833;2.352000;55;202407;79.7;1;31;;21.9;1;26;11;5;3;0;0;0;;;0;;;;26.2;1;31;;35.7;1;30;20.0;1;27;0;18;6;2;1;20;4;17.9;1;31;;14.4;1;7;23.1;1;19;0;0;0;3;25;8;0;0;8.3;1;13.8;1;29;31;22.0;1;31;21.9;1;31;7;18.0;1;12;29.3;1;30;;;;0;;;;0;;;0;;;0;;;;;;;;;;;0;;;;;;;;;0;;;;;;;;;0;;;0;;;0;;;;;;0;;;0;;;0;;;;;;0;;;;;;;;;;;;;;;;
75110001;LARIBOISIERE;48.882833;2.352000;55;202408;39.4;1;31;;11.6;1;17;6;4;2;0;0;0;;;0;;;;27.2;1;31;;37.3;1;12;19.1;1;30;0;23;8;1;1;16;4;18.5;1;31;;14.1;1;21;24.4;1;12;0;0;0;2;23;10;0;0;8.6;1;13.6;1;28;31;22.9;1;31;22.6;1;31;11;18.3;1;21;30.9;1;12;;;;0;;;;0;;;0;;;0;;;;;;;;;;;0;;;;;;;;;0;;;;;;;;;0;;;0;;;0;;;;;;0;;;0;;;0;;;;;;0;;;;;;;;;;;;;;;;
75110001;LARIBOISIERE;48.882833;2.352000;55;202409;92.3;1;30;;19.8;1;5;14;6;2;0;0;0;;;0;;;;20.4;1;30;;28.6;1;1;14.5;1;29;0;3;0;0;16;29;0;14.6;1;30;;9.2;1;13;20.3;1;1;0;0;2;16;29;1;0;0;5.8;1;9.8;1;19;30;17.5;1;30;17.2;1;30;1;11.9;1;29;24.5;1;1;;;;0;;;;0;;;0;;;0;;;;;;;;;;;0;;;;;;;;;0;;;;;;;;;0;;;0;;;0;;;;;;0;;;0;;;0;;;;;;0;;;;;;;;;;;;;;;;
75110001;LARIBOISIERE;48.882833;2.352000;55;202410;154.4;1;31;;69.8;1;9;13;4;3;2;1;0;;;0;;;;17.4;1;31;;25.2;1;16;11.9;1;31;0;1;0;0;30;31;0;12.6;1;31;;8.3;1;4;17.1;1;16;0;0;5;28;31;0;0;0;4.7;1;8.6;1;24;31;15.0;1;31;14.7;1;31;0;11.2;1;31;21.2;1;16;;;;0;;;;0;;;0;;;0;;;;;;;;;;;0;;;;;;;;;0;;;;;;;;;0;;;0;;;0;;;;;;0;;;0;;;0;;;;;;0;;;;;;;;;;;;;;;;
75110001;LARIBOISIERE;48.882833;2.352000;55;202411;38.3;1;30;;11.9;1;25;5;3;1;0;0;0;;;0;;;;11.6;1;30;;17.7;1;24;2.8;1;21;0;0;0;0;30;30;0;7.8;1;30;;0.8;1;21;10.7;1;10;0;0;26;30;30;0;0;0;3.8;1;11.2;1;23;30;9.7;1;30;9.5;1;30;0;1.8;1;21;13.7;1;24;;;;0;;;;0;;;0;;;0;;;;;;;;;;;0;;;;;;;;;0;;;;;;;;;0;;;0;;;0;;;;;;0;;;0;;;0;;;;;;0;;;;;;;;;;;;;;;;
75110001;LARIBOISIERE;48.882833;2.352000;55;202412;46.1;1;31;;12.9;1;21;10;4;1;0;0;0;;;0;;;;9.1;1;31;;14.2;1;18;2.9;1;28;0;0;0;0;31;31;0;5.5;1;31;;-0.1;1;28;10.0;1;2;0;0;31;31;31;0;0;1;3.6;1;10.7;1;1;31;7.3;1;31;7.2;1;31;0;1.4;1;28;11.7;1;2;;;;0;;;;0;;;0;;;0;;;;;;;;;;;0;;;;;;;;;0;;;;;;;;;0;;;0;;;0;;;;;;0;;;0;;;0;;;;;;0;;;;;;;;;;;;;;;;
75110001;LARIBOISIERE;48.882833;2.352000;55;202501;113.6;1;31;;21.7;1;22;14;7;5;0;0;0;;;0;;;;8.0;1;31;;13.5;1;24;1.0;1;20;0;0;0;0;31;31;0;3.6;1;31;;-1.0;1;14;9.2;1;27;0;0;31;31;31;0;0;4;4.5;1;12.5;1;4;31;5.8;1;31;5.7;1;31;0;0.4;1;20;10.9;1;25;;;;0;;;;0;;;0;;;0;;;;;;;;;;;0;;;;;;;;;0;;;;;;;;;0;;;0;;;0;;;;;;0;;;0;;;0;;;;;;0;;;;;;;;;;;;;;;;
75110001;LARIBOISIERE;48.882833;2.352000;55;202502;36.3;1;28;;16.7;1;25;8;2;1;0;0;0;;;0;;;;8.8;1;28;;16.4;1;21;4.7;1;4;0;0;0;0;28;28;0;4.3;1;28;;-0.2;1;4;11.6;1;21;0;0;25;28;28;0;0;1;4.5;1;8.7;1;19;28;6.6;1;28;6.5;1;28;0;2.3;1;4;14.0;1;21;;;;0;;;;0;;;0;;;0;;;;;;;;;;;0;;;;;;;;;0;;;;;;;;;0;;;0;;;0;;;;;;0;;;0;;;0;;;;;;0;;;;;;;;;;;;;;;;
75110001;LARIBOISIERE;48.882833;2.352000;55;202503;21.6;1;31;;5.2;1;28;7;2;0;0;0;0;;;0;;;;14.3;1;31;;19.8;1;20;7.3;1;14;0;0;0;0;31;31;0;7.1;1;31;;1.8;1;2;13.1;1;21;0;0;25;31;31;0;0;0;7.2;1;12.4;1;5;31;10.7;1;31;10.5;1;31;0;5.1;1;1;16.5;1;21;;;;0;;;;0;;;0;;;0;;;;;;;;;;;0;;;;;;;;;0;;;;;;;;;0;;;0;;;0;;;;;;0;;;0;;;0;;;;;;0;;;;;;;;;;;;;;;;
75110001;LARIBOISIERE;48.882833;2.352000;55;202504;27.6;1;30;;7.2;1;19;5;3;0;0;0;0;;;0;;;;19.5;1;30;;28.5;1;30;14.4;1;16;0;2;0;0;19;29;0;10.5;1;30;;6.2;1;10;15.4;1;30;0;0;13;29;30;0;0;0;9.0;1;14.2;1;11;30;15.0;1;30;15.0;1;30;0;11.2;1;1;22.0;1;30;;;;0;;;;0;;;0;;;0;;;;;;;;;;;0;;;;;;;;;0;;;;;;;;;0;;;0;;;0;;;;;;0;;;0;;;0;;;;;;0;;;;;;;;;;;;;;;;
75110001;LARIBOISIERE;48.882833;2.352000;55;202505;32.1;1;31;;12.7;1;3;6;3;1;0;0;0;;;0;;;;22.1;1;31;;30.9;1;30;14.7;1;5;0;7;2;0;11;27;0;12.8;1;31;;7.3;1;5;19.3;1;2;0;0;9;24;31;0;0;0;9.2;1;13.9;1;19;31;17.4;1;31;17.3;1;31;2;11.0;1;5;24.5;1;30;;;;0;;;;0;;;0;;;0;;;;;;;;;;;0;;;;;;;;;0;;;;;;;;;0;;;0;;;0;;;;;;0;;;0;;;0;;;;;;0;;;;;;;;;;;;;;;;
75110001;LARIBOISIERE;48.882833;2.352000;55;202506;41.0;1;30;;21.2;1;25;4;2;2;0;0;0;;;0;;;;28.2;1;30;;36.9;1;25;19.3;1;5;0;20;11;3;1;11;8;18.2;1;30;;13.6;1;8;23.6;1;22;0;0;0;6;19;11;0;0;10.0;1;16.1;1;25;30;23.2;1;30;22.9;1;30;14;17.0;1;5;29.2;1;30;;;;0;;;;0;;;0;;;0;;;;;;;;;;;0;;;;;;;;;0;;;;;;;;;0;;;0;;;0;;;;;;0;;;0;;;0;;;;;;0;;;;;;;;;;;;;;;;
75110001;LARIBOISIERE;48.882833;2.352000;55;202507;93.4;1;31;;19.8;1;21;15;7;3;0;0;0;;;0;;;;26.7;1;31;;39.6;1;1;20.3;1;7;0;18;4;1;0;18;3;18.5;1;31;;14.3;1;8;27.2;1;1;0;0;0;2;25;6;1;0;8.2;1;13.2;1;13;31;22.6;1;31;22.2;1;31;6;17.7;1;6;33.4;1;1;;;;0;;;;0;;;0;;;0;;;;;;;;;;;0;;;;;;;;;0;;;;;;;;;0;;;0;;;0;;;;;;0;;;0;;;0;;;;;;0;;;;;;;;;;;;;;;;
75110001;LARIBOISIERE;48.882833;2.352000;55;202508;22.9;1;31;;13.9;1;29;4;1;1;0;0;0;;;0;;;;27.1;1;31;;36.1;1;12;20.2;1;20;0;19;8;1;0;15;3;18.0;1;31;;14.1;1;23;23.9;1;13;0;0;0;4;26;5;0;0;9.1;1;14.5;1;11;31;22.6;1;31;22.2;1;31;7;18.6;1;29;29.1;1;13;;;;0;;;;0;;;0;;;0;;;;;;;;;;;0;;;;;;;;;0;;;;;;;;;0;;;0;;;0;;;;;;0;;;0;;;0;;;;;;0;;;;;;;;;;;;;;;;
75110001;LARIBOISIERE;48.882833;2.352000;55;202509;43.7;1;30;;8.2;1;23;10;3;0;0;0;0;;;0;;;;20.9;1;30;;30.8;1;7;11.6;1;24;0;5;2;0;12;28;0;14.3;1;30;;9.8;1;28;19.4;1;20;0;0;1;17;30;0;0;0;6.6;1;14.0;1;19;30;17.6;1;30;17.3;1;30;0;11.2;1;24;24.2;1;7;;;;0;;;;0;;;0;;;0;;;;;;;;;;;0;;;;;;;;;0;;;;;;;;;0;;;0;;;0;;;;;;0;;;0;;;0;;;;;;0;;;;;;;;;;;;;;;;
75110001;LARIBOISIERE;48.882833;2.352000;55;202510;17.7;1;10;;10.1;1;4;2;2;1;0;0;0;;;0;;;;18.1;1;10;;19.8;1;1;14.7;1;10;0;0;0;0;10;10;0;12.2;1;10;;11.3;1;5;14.2;1;9;0;0;0;10;10;0;0;0;5.9;1;8.1;1;1;10;15.1;1;10;15.1;1;10;0;13.4;1;10;16.7;1;9;;;;0;;;;0;;;0;;;0;;;;;;;;;;;0;;;;;;;;;0;;;;;;;;;0;;;0;;;0;;;;;;0;;;0;;;0;;;;;;0;;;;;;;;;;;;;;;;
75114001;PARIS-MONTSOURIS;48.821667;2.337833;75;202401;63.9;1;31;;26.7;1;17;9;4;2;0;0;0;1020.4;1;31;990.1;1;17;7.6;1;31;;14.5;1;24;-1.2;1;9;3;0;0;0;31;31;0;3.0;1;31;;-3.9;1;20;11.8;1;24;0;0;28;31;31;0;0;14;4.6;1;12.6;1;21;31;5.3;1;31;5.0;1;31;0;-1.7;1;9;13.2;1;24;37;1;26;31;98;1;17;31;80;1;31;7.3;9;31;17.3;1;25.2;1;220;9;21;17;10;0;31;21.9;1;;0;2;16;6;0;31;12.4;1;220;1;2;6;2;0;31;3.5;1;31;5468;9;31;6;13;4;11014;9;31;;;0;;;0;;;;;;0;6;;;;;0;9;2;9;9;5;0;0;;;0
75114001;PARIS-MONTSOURIS;48.821667;2.337833;75;202402;72.3;1;29;;14.7;1;21;10;8;1;0;0;0;1014.1;1;29;985.9;1;10;11.9;1;29;;18.7;1;15;9.0;1;25;0;0;0;0;29;29;0;7.5;1;29;;2.7;1;28;12.4;1;16;0;0;23;29;29;0;0;0;4.4;1;8.8;1;15;29;9.7;1;29;9.4;1;29;0;6.4;1;24;14.3;1;15;47;1;17;29;96;1;29;29;84;1;29;9.9;9;29;24.9;1;26.2;1;220;1;22;22;6;0;29;23.4;1;;0;22;19;3;0;29;12.6;1;260;1;22;5;1;0;29;3.6;1;29;2289;9;29;12;22;0;11693;9;29;;;0;;;0;;;;;;0;0;;;;;0;9;0;9;;0;0;0;;;0
75114001;PARIS-MONTSOURIS;48.821667;2.337833;75;202403;86.0;1;31;;18.1;1;2;15;7;2;0;0;0;1008.1;1;31;986.6;1;27;14.3;1;31;;21.2;1;20;8.9;1;2;0;0;0;0;30;31;0;7.2;1;31;;2.6;1;4;12.8;1;15;0;0;25;31;31;0;0;0;7.0;1;12.2;1;14;31;10.8;1;31;10.2;1;31;0;6.9;1;2;15.3;1;21;38;1;20;31;97;1;14;31;77;1;31;9.5;9;31;54.3;1;24.1;1;250;1;23;20;4;0;31;21.0;1;;0;23;18;3;0;31;10.6;1;220;1;28;5;1;0;31;3.0;1;31;7403;9;31;1;14;3;29842;9;31;;;0;;;0;;;;;;0;0;;;;;0;9;0;9;;0;0;0;;;0
75114001;PARIS-MONTSOURIS;48.821667;2.337833;75;202404;63.5;1;30;;13.9;1;4;11;4;1;0;0;0;1016.2;1;30;1000.3;1;1;16.9;1;30;;26.7;1;13;10.6;1;24;0;1;0;0;25;30;0;8.6;1;30;;3.6;1;23;14.8;1;7;0;0;19;30;30;0;0;0;8.3;1;14.3;1;13;30;12.7;1;30;12.3;1;30;0;8.3;1;23;19.6;1;13;28;1;23;30;97;1;8;30;70;1;30;10.1;9;30;87.9;1;22.7;1;320;1;15;25;6;0;30;21.4;1;;0;15;20;3;0;30;9.5;1;260;1;15;5;0;0;30;3.4;1;30;8423;9;30;2;8;2;41985;9;30;;;0;;;0;;;;;;0;0;;;;;0;9;0;9;;0;0;0;;;0
75114001;PARIS-MONTSOURIS;48.821667;2.337833;75;202405;95.3;1;31;;14.2;1;29;16;9;4;0;0;0;1013.4;1;31;1004.2;1;14;20.2;1;31;;27.6;1;12;13.5;1;2;0;3;0;0;12;29;0;12.2;1;31;;6.7;1;4;15.7;1;26;0;0;7;28;31;0;0;0;8.0;1;14.0;1;11;31;16.2;1;31;15.7;1;31;0;11.0;1;4;21.6;1;12;31;1;10;31;97;1;21;31;74;1;31;12.9;9;31;107.3;1;17.2;1;230;1;12;18;2;0;31;15.0;1;;0;12;13;0;0;31;8.5;1;240;1;12;1;0;0;31;2.6;1;31;9251;9;31;4;12;2;49333;9;31;;;0;;;0;;;;;;0;0;;;;;0;9;0;9;;0;0;0;;;0
75114001;PARIS-MONTSOURIS;48.821667;2.337833;75;202406;34.7;1;30;;9.8;1;17;9;2;0;0;0;0;1015.1;1;30;1006.8;1;14;22.9;1;30;;31.1;1;26;14.2;1;1;0;6;3;0;7;26;0;13.9;1;30;;9.6;1;12;20.0;1;27;0;0;3;21;30;1;0;0;9.1;1;13.4;1;24;30;18.4;1;30;18.2;1;30;3;13.6;1;1;25.5;1;27;31;1;28;30;97;1;18;30;66;1;30;13.7;9;30;134.1;1;17.0;1;240;1;15;21;1;0;30;14.5;1;;0;15;13;0;0;29;8.1;1;220;1;15;2;0;0;30;3.0;1;29;12401;9;30;1;7;5;58240;9;30;;;0;;;0;;;;;;0;0;;;;;0;9;0;9;;0;0;0;;;0
75114001;PARIS-MONTSOURIS;48.821667;2.337833;75;202407;72.1;1;31;;17.5;1;11;12;6;2;0;0;0;1015.4;1;31;1008.6;1;6;25.8;1;31;;36.2;1;30;19.0;1;27;0;18;6;1;1;23;3;16.2;1;31;;11.1;1;7;21.3;1;31;0;0;0;12;28;4;0;0;9.6;1;15.1;1;30;31;21.0;1;31;20.9;1;31;6;16.8;1;7;28.7;1;30;29;1;19;31;96;1;27;31;65;1;31;15.7;9;31;138.2;1;15.1;1;240;1;16;18;0;0;31;13.2;1;;0;16;11;0;0;31;7.5;1;260;1;16;0;0;0;31;2.4;1;31;11695;9;31;1;5;3;56729;9;31;;;0;;;0;;;;;;0;0;;;;;0;9;0;9;;0;0;0;;;0
75114001;PARIS-MONTSOURIS;48.821667;2.337833;75;202408;58.4;1;31;;24.0;1;17;6;4;3;0;0;0;1015.9;1;31;1009.7;1;12;26.7;1;31;;37.1;1;12;19.1;1;30;0;22;6;1;1;18;3;16.8;1;31;;11.8;1;25;21.6;1;12;0;0;0;8;27;4;0;0;9.9;1;16.1;1;28;31;21.8;1;31;21.6;1;31;4;17.2;1;25;29.4;1;12;28;1;28;31;96;1;2;31;66;1;31;16.8;9;31;131.3;1;19.1;1;210;1;24;16;3;0;31;15.8;1;;0;1;7;0;0;31;7.0;1;230;1;24;0;0;0;31;2.6;1;31;14430;9;31;1;7;8;56559;9;31;;;0;;;0;;;;;;0;0;;;;;0;9;0;9;;0;0;0;;;0
75114001;PARIS-MONTSOURIS;48.821667;2.337833;75;202409;115.0;1;30;;22.4;1;25;15;8;4;0;0;0;1015.1;1;30;995.6;1;26;20.4;1;30;;29.2;1;1;14.1;1;29;0;3;0;0;16;29;0;13.3;1;30;;6.4;1;29;18.8;1;1;0;0;6;21;30;0;0;0;7.1;1;11.5;1;15;30;16.9;1;30;16.3;1;30;0;10.3;1;29;24.0;1;1;38;1;19;30;98;1;6;30;78;1;30;14.4;9;30;70.8;1;17.8;1;220;1;27;21;2;0;30;15.4;1;;0;27;14;0;0;29;7.7;1;230;1;27;0;0;0;29;3.0;1;30;7968;9;30;1;11;2;33142;9;30;;;0;;;0;;;;;;0;0;;;;;0;9;0;9;;0;0;0;;;0
75114001;PARIS-MONTSOURIS;48.821667;2.337833;75;202410;131.0;1;31;;70.8;1;9;13;3;3;1;1;0;1015.7;1;31;988.8;1;9;17.4;1;31;;25.9;1;16;11.6;1;31;0;1;0;0;29;31;0;11.5;1;31;;7.3;1;4;16.1;1;17;0;0;8;28;31;0;0;0;5.8;1;11.2;1;24;31;14.5;1;31;14.0;1;31;0;11.0;1;31;20.5;1;16;40;1;11;31;98;1;28;31;85;1;31;13.7;9;31;34.5;1;15.5;1;240;1;8;16;0;0;31;13.7;1;;0;8;8;0;0;31;7.0;1;170;1;16;0;0;0;31;2.5;1;31;5877;9;31;6;17;3;20516;9;31;;;0;;;0;;;;;;0;0;;;;;0;9;0;9;;0;0;0;;;1
75114001;PARIS-MONTSOURIS;48.821667;2.337833;75;202411;44.5;1;30;;12.3;1;19;5;4;2;0;0;0;1021.8;1;30;1001.1;1;21;11.0;1;30;;17.3;1;24;1.8;1;21;0;0;0;0;30;30;0;6.8;1;30;;-0.7;1;22;10.0;1;7;0;0;30;30;30;0;0;1;4.3;1;11.8;1;23;30;8.9;1;30;8.7;1;30;0;1.2;1;21;13.0;1;24;51;1;20;30;98;1;5;30;84;1;30;9.6;9;30;16.2;1;16.9;1;40;1;21;11;4;0;30;15.2;1;;0;21;10;0;0;29;8.2;1;220;1;27;1;0;0;30;2.9;1;30;2789;9;30;13;23;2;8807;9;30;;;0;;;0;;;;;;0;2;;;;;0;9;4;9;21;3;0;0;;;1
75114001;PARIS-MONTSOURIS;48.821667;2.337833;75;202412;64.4;1;31;;15.8;1;21;10;5;1;0;0;0;1024.4;1;31;1003.4;1;7;8.5;1;31;;13.5;1;18;1.6;1;28;0;0;0;0;31;31;0;4.6;1;31;;-1.1;1;28;8.9;1;2;0;0;31;31;31;0;0;1;3.9;1;10.1;1;1;31;6.5;1;31;6.5;1;31;0;0.3;1;28;10.9;1;2;58;1;7;31;99;1;28;31;86;1;31;8.5;9;31;11.5;1;21.7;1;250;1;7;14;10;0;31;18.1;1;;0;7;12;4;0;30;9.3;1;260;1;7;7;0;0;31;3.2;1;31;2545;9;31;15;21;1;6297;9;31;;;0;;;0;;;;;;0;0;;;;;0;9;0;9;;0;0;0;;;3
75114001;PARIS-MONTSOURIS;48.821667;2.337833;75;202501;111.8;1;31;;22.2;1;22;14;7;4;0;0;0;1016.6;1;31;992.9;1;27;7.5;1;31;;12.8;1;5;0.3;1;20;0;0;0;0;31;31;0;2.5;1;31;;-3.6;1;4;8.5;1;25;0;0;31;31;31;0;0;8;5.0;1;14.6;1;4;31;5.0;1;31;4.9;1;31;0;-0.3;1;20;10.5;1;25;53;1;13;31;100;1;5;31;85;1;31;7.5;9;31;13.1;1;24.2;1;230;1;27;16;12;0;31;21.7;1;;0;27;15;9;0;31;10.1;1;220;1;6;12;1;0;31;3.3;1;31;3220;9;31;15;21;3;8501;9;31;;;0;;;0;;;;;;0;1;;;;;0;9;1;9;15;1;0;0;;;1
75114001;PARIS-MONTSOURIS;48.821667;2.337833;75;202502;44.8;1;28;;25.0;1;25;8;2;1;0;0;0;1022.8;1;28;1013.6;1;25;8.6;1;28;;16.0;1;21;3.1;1;4;0;0;0;0;28;28;0;3.2;1;28;;-1.3;1;15;10.3;1;24;0;0;26;28;28;0;0;8;5.4;1;10.5;1;23;28;5.9;1;28;5.7;1;28;0;1.1;1;4;13.0;1;21;49;1;14;28;99;1;4;28;80;1;28;7.5;9;28;17.8;1;20.0;1;310;1;25;10;1;0;28;17.1;1;;0;25;8;1;0;28;9.3;1;330;1;25;1;0;0;28;2.8;1;28;5919;9;28;8;12;7;15787;9;28;;;0;;;0;;;;;;0;0;;;;;0;9;0;9;;0;0;0;;;2
75114001;PARIS-MONTSOURIS;48.821667;2.337833;75;202503;22.7;1;31;;7.1;1;22;5;3;0;0;0;0;1016.1;1;31;1000.6;1;22;14.6;1;31;;20.1;1;20;8.0;1;1;0;0;0;0;30;31;0;5.8;1;31;;1.4;1;2;11.5;1;21;0;0;28;31;31;0;0;0;8.8;1;14.2;1;5;31;10.2;1;31;9.8;1;31;0;5.0;1;1;15.5;1;21;31;1;6;31;98;1;11;31;67;1;31;8.1;9;31;62.9;1;14.6;1;140;1;22;19;0;0;31;13.3;1;;0;15;13;0;0;31;8.0;1;30;1;15;1;0;0;31;3.0;1;31;11645;9;31;0;5;11;38056;9;31;;;0;;;0;;;;;;0;0;;;;;;;;;;;;;;;0
75114001;PARIS-MONTSOURIS;48.821667;2.337833;75;202504;33.3;1;30;;12.3;1;23;6;2;1;0;0;0;1015.9;1;30;999.2;1;15;20.0;1;30;;28.7;1;30;14.9;1;16;0;3;0;0;18;29;0;9.3;1;30;;5.8;1;18;13.6;1;30;0;0;20;30;30;0;0;0;10.7;1;15.2;1;11;30;14.6;1;30;14.3;1;30;0;11.5;1;16;21.2;1;30;21;1;30;30;98;1;23;30;60;1;30;9.5;9;30;103.5;1;19.9;1;50;1;1;19;2;0;30;17.4;1;;0;1;13;1;0;30;9.1;1;70;1;1;2;0;0;30;2.9;1;30;14135;9;30;0;7;13;52454;9;30;;;0;;;0;;;;;;0;0;;;;;0;9;0;9;;0;0;0;;;0
75114001;PARIS-MONTSOURIS;48.821667;2.337833;75;202505;18.8;1;31;;8.5;1;21;4;2;0;0;0;0;1017.3;1;31;1010.2;1;11;22.1;1;31;;30.5;1;30;15.4;1;5;0;7;1;0;11;27;0;11.5;1;31;;6.7;1;5;17.2;1;31;0;0;14;27;31;0;0;0;10.6;1;15.8;1;30;31;16.8;1;31;16.6;1;31;0;11.1;1;5;23.2;1;31;24;1;16;31;97;1;13;31;60;1;31;11.3;9;31;137.9;1;24.9;1;290;1;3;25;2;0;31;20.5;1;;0;3;20;1;0;31;8.5;1;310;1;3;2;0;0;31;3.3;1;31;13867;9;31;0;3;6;61573;9;31;;;0;;;0;;;;;;0;0;;;;;0;9;0;9;;0;0;0;;;0
75114001;PARIS-MONTSOURIS;48.821667;2.337833;75;202506;39.8;1;30;;16.6;1;25;5;2;2;0;0;0;1018.3;1;30;1009.7;1;5;27.5;1;30;;36.5;1;25;19.6;1;5;0;19;10;3;2;13;6;16.8;1;30;;11.9;1;9;21.9;1;22;0;0;0;12;26;5;0;0;10.7;1;16.6;1;25;30;22.2;1;30;22.0;1;30;10;16.1;1;8;28.2;1;30;18;1;21;30;96;1;14;30;60;1;30;15.5;9;30;166.8;1;24.3;1;340;1;25;14;3;0;30;21.3;1;;0;25;10;2;0;30;10.2;1;300;1;25;3;1;0;30;2.7;1;30;17410;9;30;0;3;12;70067;9;30;;;0;;;0;;;;;;0;0;;;;;0;9;0;9;;0;0;0;;;0
75114001;PARIS-MONTSOURIS;48.821667;2.337833;75;202507;94.9;1;31;;24.0;1;21;13;6;4;0;0;0;1016.2;1;31;1004.5;1;20;26.4;1;31;;38.1;1;1;20.1;1;6;0;18;4;1;0;18;3;17.2;1;31;;12.6;1;9;22.6;1;1;0;0;0;5;26;5;0;0;9.2;1;15.5;1;1;31;21.8;1;31;21.4;1;31;6;16.9;1;6;30.4;1;1;22;1;1;31;96;1;21;31;64;1;31;15.6;9;31;151.1;1;17.4;1;320;1;2;22;1;0;31;15.5;1;;0;2;18;0;0;31;9.0;1;340;1;2;1;0;0;31;2.8;1;31;13898;9;31;0;8;8;60960;9;31;;;0;;;0;;;;;;0;0;;;;;0;9;0;9;;0;0;0;;;0
75114001;PARIS-MONTSOURIS;48.821667;2.337833;75;202508;43.0;1;31;;30.9;1;29;7;1;1;1;0;0;1016.7;1;31;1002.3;1;29;26.8;1;31;;35.2;1;12;19.8;1;20;0;21;5;1;1;15;3;16.6;1;31;;12.6;1;30;21.9;1;13;0;0;0;10;29;3;0;0;10.2;1;15.8;1;11;31;21.7;1;31;21.3;1;31;5;17.4;1;30;28.2;1;13;22;1;7;31;96;1;31;31;61;1;31;15.0;9;31;142.5;1;16.1;1;290;1;29;16;1;0;31;14.8;1;;0;29;11;0;0;31;6.6;1;30;1;16;0;0;0;31;2.7;1;31;16771;9;31;1;3;10;61339;9;31;;;0;;;0;;;;;;0;0;;;;;0;9;0;9;;0;0;0;;;1
75114001;PARIS-MONTSOURIS;48.821667;2.337833;75;202509;54.5;1;30;;8.0;1;20;12;5;0;0;0;0;1017.3;1;30;1007.4;1;10;20.8;1;30;;31.2;1;7;10.9;1;24;0;5;2;0;11;28;0;12.9;1;30;;8.3;1;28;18.8;1;20;0;0;3;25;30;0;0;0;8.0;1;17.4;1;19;30;16.8;1;30;16.4;1;30;0;10.6;1;24;23.4;1;7;32;1;19;30;97;1;28;30;75;1;30;13.7;9;30;77.4;1;18.7;1;200;1;3;18;4;0;30;16.2;1;;0;3;15;1;0;30;8.2;1;210;1;3;1;0;0;30;3.0;1;30;9492;9;30;3;11;4;36084;9;30;;;0;;;0;;;;;;0;0;;;;;0;9;0;9;;0;0;0;;;0
75114001;PARIS-MONTSOURIS;48.821667;2.337833;75;202510;11.3;1;10;;7.7;1;4;2;1;0;0;0;0;1023.6;1;10;1009.5;1;4;18.1;1;10;;20.0;1;1;15.0;1;10;0;0;0;0;10;10;0;10.7;1;10;;9.0;1;2;12.6;1;9;0;0;3;10;10;0;0;0;7.4;1;10.3;1;2;10;14.4;1;10;14.2;1;10;0;13.0;1;10;16.0;1;9;36;1;2;10;96;1;8;10;74;1;10;11.9;9;10;;;20.6;1;300;1;4;3;1;0;10;18.6;1;;0;4;3;1;0;10;9.5;1;330;1;4;1;0;0;10;2.6;1;10;2718;9;10;2;3;1;9451;9;10;;;0;;;0;;;;;;0;0;;;;;0;9;0;9;;0;0;0;;;0
75114007;PARIS-MONTSOURIS-DOUBLE;48.821667;2.337833;75;202401;;;0;;;;;;;;;;;;;0;;;;7.5;1;31;;14.5;1;24;-1.3;1;9;3;0;0;0;31;31;0;2.9;1;31;;-3.9;1;20;11.6;1;24;0;0;30;31;31;0;0;14;4.7;1;12.5;1;21;31;5.2;1;31;4.9;1;31;0;-1.8;1;9;13.1;1;24;;;;0;;;;0;;;0;;;0;;;;;;;;;;;0;;;;;;;;;0;;;;;;;;;0;;;0;;;0;;;;;;0;;;0;;;0;;;;;;0;;;;;;;;;;;;;;;;
75114007;PARIS-MONTSOURIS-DOUBLE;48.821667;2.337833;75;202402;;;0;;;;;;;;;;;;;0;;;;11.8;1;29;;18.5;1;15;8.9;1;25;0;0;0;0;29;29;0;7.4;1;29;;2.6;1;28;12.3;1;16;0;0;23;29;29;0;0;0;4.5;1;8.7;1;28;29;9.6;1;29;9.3;1;29;0;6.4;1;24;14.3;1;15;;;;0;;;;0;;;0;;;0;;;;;;;;;;;0;;;;;;;;;0;;;;;;;;;0;;;0;;;0;;;;;;0;;;0;;;0;;;;;;0;;;;;;;;;;;;;;;;
75114007;PARIS-MONTSOURIS-DOUBLE;48.821667;2.337833;75;202403;;;0;;;;;;;;;;;;;0;;;;14.1;1;31;;21.2;1;20;8.6;1;2;0;0;0;0;30;31;0;7.1;1;31;;2.5;1;4;12.5;1;15;0;0;25;31;31;0;0;0;6.9;1;12.1;1;20;31;10.6;1;31;10.1;1;31;0;6.8;1;2;15.2;1;20;;;;0;;;;0;;;0;;;0;;;;;;;;;;;0;;;;;;;;;0;;;;;;;;;0;;;0;;;0;;;;;;0;;;0;;;0;;;;;;0;;;;;;;;;;;;;;;;
75114007;PARIS-MONTSOURIS-DOUBLE;48.821667;2.337833;75;202404;;;0;;;;;;;;;;;;;0;;;;16.4;1;30;;26.1;1;13;10.3;1;24;0;1;0;0;26;30;0;8.6;1;30;;3.6;1;23;14.8;1;7;0;0;20;30;30;0;0;0;7.8;1;13.3;1;13;30;12.5;1;30;12.1;1;30;0;7.9;1;23;19.5;1;13;;;;0;;;;0;;;0;;;0;;;;;;;;;;;0;;;;;;;;;0;;;;;;;;;0;;;0;;;0;;;;;;0;;;0;;;0;;;;;;0;;;;;;;;;;;;;;;;
75114007;PARIS-MONTSOURIS-DOUBLE;48.821667;2.337833;75;202405;;;0;;;;;;;;;;;;;0;;;;19.8;1;31;;27.1;1;12;13.3;1;2;0;2;0;0;16;30;0;12.2;1;31;;6.8;1;4;15.7;1;26;0;0;7;28;31;0;0;0;7.6;1;13.1;1;11;31;16.0;1;31;15.5;1;31;0;11.0;1;4;21.3;1;12;;;;0;;;;0;;;0;;;0;;;;;;;;;;;0;;;;;;;;;0;;;;;;;;;0;;;0;;;0;;;;;;0;;;0;;;0;;;;;;0;;;;;;;;;;;;;;;;
75114007;PARIS-MONTSOURIS-DOUBLE;48.821667;2.337833;75;202406;;;0;;;;;;;;;;;;;0;;;;22.6;1;30;;30.8;1;27;14.0;1;1;0;4;3;0;7;26;0;13.8;1;30;;9.7;1;12;20.0;1;26;0;0;3;22;30;1;0;0;8.7;1;12.4;1;24;30;18.2;1;30;18.1;1;30;3;13.4;1;1;25.3;1;27;;;;0;;;;0;;;0;;;0;;;;;;;;;;;0;;;;;;;;;0;;;;;;;;;0;;;0;;;0;;;;;;0;;;0;;;0;;;;;;0;;;;;;;;;;;;;;;;
75114007;PARIS-MONTSOURIS-DOUBLE;48.821667;2.337833;75;202407;;;0;;;;;;;;;;;;;0;;;;25.4;1;31;;35.8;1;30;19.0;1;27;0;18;5;1;1;24;2;16.1;1;31;;11.1;1;7;21.1;1;30;0;0;0;12;27;4;0;0;9.3;1;14.7;1;30;31;20.8;1;31;20.7;1;31;6;16.8;1;7;28.5;1;30;;;;0;;;;0;;;0;;;0;;;;;;;;;;;0;;;;;;;;;0;;;;;;;;;0;;;0;;;0;;;;;;0;;;0;;;0;;;;;;0;;;;;;;;;;;;;;;;
75114007;PARIS-MONTSOURIS-DOUBLE;48.821667;2.337833;75;202408;;;0;;;;;;;;;;;;;0;;;;26.2;1;31;;36.7;1;12;18.9;1;30;0;19;5;1;1;19;2;16.7;1;31;;11.5;1;25;21.3;1;12;0;0;0;8;28;4;0;0;9.5;1;15.7;1;28;31;21.5;1;31;21.4;1;31;4;16.9;1;25;29.0;1;12;;;;0;;;;0;;;0;;;0;;;;;;;;;;;0;;;;;;;;;0;;;;;;;;;0;;;0;;;0;;;;;;0;;;0;;;0;;;;;;0;;;;;;;;;;;;;;;;
75114007;PARIS-MONTSOURIS-DOUBLE;48.821667;2.337833;75;202409;;;0;;;;;;;;;;;;;0;;;;20.1;1;30;;29.0;1;1;13.8;1;29;0;3;0;0;17;29;0;13.2;1;30;;6.3;1;29;18.7;1;1;0;0;6;21;30;0;0;0;6.8;1;10.7;1;15;30;16.6;1;30;16.2;1;30;0;10.1;1;29;23.9;1;1;;;;0;;;;0;;;0;;;0;;;;;;;;;;;0;;;;;;;;;0;;;;;;;;;0;;;0;;;0;;;;;;0;;;0;;;0;;;;;;0;;;;;;;;;;;;;;;;
75114007;PARIS-MONTSOURIS-DOUBLE;48.821667;2.337833;75;202410;;;0;;;;;;;;;;;;;0;;;;17.2;1;31;;25.6;1;16;11.5;1;31;0;1;0;0;29;31;0;11.4;1;31;;7.4;1;5;16.1;1;17;0;0;8;29;31;0;0;0;5.8;1;11.5;1;24;31;14.3;1;31;13.8;1;31;0;10.8;1;31;20.3;1;16;;;;0;;;;0;;;0;;;0;;;;;;;;;;;0;;;;;;;;;0;;;;;;;;;0;;;0;;;0;;;;;;0;;;0;;;0;;;;;;0;;;;;;;;;;;;;;;;
75114007;PARIS-MONTSOURIS-DOUBLE;48.821667;2.337833;75;202411;;;0;;;;;;;;;;;;;0;;;;11.0;1;30;;17.3;1;24;1.7;1;21;0;0;0;0;30;30;0;6.7;1;30;;-0.8;1;22;9.9;1;2;0;0;30;30;30;0;0;1;4.3;1;11.9;1;23;30;8.8;1;30;8.6;1;30;0;1.1;1;21;13.0;1;24;;;;0;;;;0;;;0;;;0;;;;;;;;;;;0;;;;;;;;;0;;;;;;;;;0;;;0;;;0;;;;;;0;;;0;;;0;;;;;;0;;;;;;;;;;;;;;;;
75114007;PARIS-MONTSOURIS-DOUBLE;48.821667;2.337833;75;202412;;;0;;;;;;;;;;;;;0;;;;8.4;1;31;;13.5;1;18;1.6;1;28;0;0;0;0;31;31;0;4.5;1;31;;-1.2;1;28;8.8;1;2;0;0;31;31;31;0;0;1;4.0;1;10.3;1;1;31;6.4;1;31;6.4;1;31;0;0.2;1;28;10.8;1;2;;;;0;;;;0;;;0;;;0;;;;;;;;;;;0;;;;;;;;;0;;;;;;;;;0;;;0;;;0;;;;;;0;;;0;;;0;;;;;;0;;;;;;;;;;;;;;;;
75114007;PARIS-MONTSOURIS-DOUBLE;48.821667;2.337833;75;202501;;;0;;;;;;;;;;;;;0;;;;7.5;1;31;;12.8;1;5;0.2;1;20;0;0;0;0;31;31;0;2.4;1;31;;-3.7;1;4;8.4;1;27;0;0;31;31;31;0;0;9;5.1;1;14.8;1;4;31;4.9;1;31;4.8;1;31;0;-0.4;1;20;10.3;1;27;;;;0;;;;0;;;0;;;0;;;;;;;;;;;0;;;;;;;;;0;;;;;;;;;0;;;0;;;0;;;;;;0;;;0;;;0;;;;;;0;;;;;;;;;;;;;;;;
75114007;PARIS-MONTSOURIS-DOUBLE;48.821667;2.337833;75;202502;;;0;;;;;;;;;;;;;0;;;;8.5;1;28;;16.0;1;21;3.0;1;4;0;0;0;0;28;28;0;3.1;1;28;;-1.4;1;15;10.2;1;24;0;0;27;28;28;0;0;8;5.4;1;10.4;1;23;28;5.8;1;28;5.6;1;28;0;1.0;1;4;13.0;1;21;;;;0;;;;0;;;0;;;0;;;;;;;;;;;0;;;;;;;;;0;;;;;;;;;0;;;0;;;0;;;;;;0;;;0;;;0;;;;;;0;;;;;;;;;;;;;;;;
75114007;PARIS-MONTSOURIS-DOUBLE;48.821667;2.337833;75;202503;;;0;;;;;;;;;;;;;0;;;;14.5;1;31;;19.9;1;20;7.8;1;1;0;0;0;0;31;31;0;5.7;1;31;;1.3;1;2;11.5;1;21;0;0;28;31;31;0;0;0;8.7;1;14.1;1;5;31;10.1;1;31;9.7;1;31;0;4.9;1;1;15.4;1;21;;;;0;;;;0;;;0;;;0;;;;;;;;;;;0;;;;;;;;;0;;;;;;;;;0;;;0;;;0;;;;;;0;;;0;;;0;;;;;;0;;;;;;;;;;;;;;;;
75114007;PARIS-MONTSOURIS-DOUBLE;48.821667;2.337833;75;202504;;;0;;;;;;;;;;;;;0;;;;19.7;1;30;;28.4;1;30;14.6;1;16;0;3;0;0;18;29;0;9.2;1;30;;5.7;1;18;13.6;1;30;0;0;20;30;30;0;0;0;10.5;1;15.0;1;11;30;14.5;1;30;14.2;1;30;0;11.3;1;16;21.0;1;30;;;;0;;;;0;;;0;;;0;;;;;;;;;;;0;;;;;;;;;0;;;;;;;;;0;;;0;;;0;;;;;;0;;;0;;;0;;;;;;0;;;;;;;;;;;;;;;;
75114007;PARIS-MONTSOURIS-DOUBLE;48.821667;2.337833;75;202505;;;0;;;;;;;;;;;;;0;;;;21.9;1;31;;30.3;1;30;15.3;1;5;0;7;1;0;11;27;0;11.4;1;31;;6.6;1;5;17.1;1;31;0;0;14;27;31;0;0;0;10.5;1;15.9;1;30;31;16.6;1;31;16.5;1;31;0;11.0;1;5;23.1;1;31;;;;0;;;;0;;;0;;;0;;;;;;;;;;;0;;;;;;;;;0;;;;;;;;;0;;;0;;;0;;;;;;0;;;0;;;0;;;;;;0;;;;;;;;;;;;;;;;
75114007;PARIS-MONTSOURIS-DOUBLE;48.821667;2.337833;75;202506;;;0;;;;;;;;;;;;;0;;;;27.3;1;30;;36.2;1;25;19.4;1;5;0;19;10;3;4;14;6;16.7;1;30;;11.8;1;9;22.0;1;22;0;0;0;12;26;4;0;0;10.6;1;16.4;1;25;30;22.0;1;30;21.9;1;30;10;16.0;1;8;28.0;1;30;;;;0;;;;0;;;0;;;0;;;;;;;;;;;0;;;;;;;;;0;;;;;;;;;0;;;0;;;0;;;;;;0;;;0;;;0;;;;;;0;;;;;;;;;;;;;;;;
75114007;PARIS-MONTSOURIS-DOUBLE;48.821667;2.337833;75;202507;;;0;;;;;;;;;;;;;0;;;;26.2;1;31;;37.8;1;1;20.4;1;6;0;16;4;1;0;19;2;17.0;1;31;;12.5;1;9;22.6;1;1;0;0;0;5;27;4;0;0;9.1;1;15.2;1;1;31;21.6;1;31;21.3;1;31;6;17.0;1;6;30.2;1;1;;;;0;;;;0;;;0;;;0;;;;;;;;;;;0;;;;;;;;;0;;;;;;;;;0;;;0;;;0;;;;;;0;;;0;;;0;;;;;;0;;;;;;;;;;;;;;;;
75114007;PARIS-MONTSOURIS-DOUBLE;48.821667;2.337833;75;202508;;;0;;;;;;;;;;;;;0;;;;26.6;1;31;;35.0;1;12;19.8;1;20;0;20;5;1;1;15;3;16.5;1;31;;12.5;1;30;21.9;1;13;0;0;0;10;29;2;0;0;10.2;1;15.4;1;11;31;21.6;1;31;21.2;1;31;5;17.3;1;30;28.1;1;13;;;;0;;;;0;;;0;;;0;;;;;;;;;;;0;;;;;;;;;0;;;;;;;;;0;;;0;;;0;;;;;;0;;;0;;;0;;;;;;0;;;;;;;;;;;;;;;;
75114007;PARIS-MONTSOURIS-DOUBLE;48.821667;2.337833;75;202509;;;0;;;;;;;;;;;;;0;;;;20.7;1;30;;31.0;1;7;11.0;1;24;0;4;2;0;11;28;0;12.7;1;30;;8.2;1;28;18.5;1;20;0;0;3;25;30;0;0;0;7.9;1;17.2;1;19;30;16.7;1;30;16.3;1;30;0;10.6;1;24;23.3;1;7;;;;0;;;;0;;;0;;;0;;;;;;;;;;;0;;;;;;;;;0;;;;;;;;;0;;;0;;;0;;;;;;0;;;0;;;0;;;;;;0;;;;;;;;;;;;;;;;
75114007;PARIS-MONTSOURIS-DOUBLE;48.821667;2.337833;75;202510;;;0;;;;;;;;;;;;;0;;;;18.0;1;10;;19.8;1;1;14.9;1;10;0;0;0;0;10;10;0;10.5;1;10;;8.9;1;2;12.4;1;9;0;0;3;10;10;0;0;0;7.4;1;10.2;1;2;10;14.2;1;10;14.1;1;10;0;12.9;1;10;15.8;1;9;;;;0;;;;0;;;0;;;0;;;;;;;;;;;0;;;;;;;;;0;;;;;;;;;0;;;0;;;0;;;;;;0;;;0;;;0;;;;;;0;;;;;;;;;;;;;;;;
75116008;LONGCHAMP;48.854833;2.233667;27;202401;53.2;1;31;;25.0;1;17;6;4;1;0;0;0;;;0;;;;7.9;1;31;;15.2;1;24;-1.1;1;9;3;0;0;0;31;31;0;1.5;1;31;;-7.3;1;19;11.8;1;24;3;0;29;31;31;0;0;16;6.4;1;15.1;1;29;31;4.7;1;31;4.6;1;31;0;-1.6;1;9;13.5;1;24;44;1;26;31;100;1;29;31;81;1;31;7.2;9;31;13.3;1;20.3;1;200;1;22;15;4;0;31;19.0;1;;0;22;11;3;0;29;9.7;1;200;1;22;3;0;0;30;2.8;1;31;5525;9;31;4;13;5;11636;9;31;;;0;;;0;;;;;;0;;;;;;;;;;;;;;;;
75116008;LONGCHAMP;48.854833;2.233667;27;202402;66.1;1;29;;13.7;1;22;11;4;2;0;0;0;;;0;;;;12.2;1;29;;18.7;1;15;9.2;1;25;0;0;0;0;29;29;0;6.8;1;29;;-1.4;1;28;11.9;1;8;0;0;25;29;29;0;0;2;5.4;1;13.1;1;15;29;9.5;1;29;9.5;1;29;0;4.8;1;28;13.3;1;16;49;1;17;29;99;1;2;29;83;1;29;9.9;9;29;24.1;1;25.5;1;310;1;22;18;3;0;29;23.5;1;;0;22;15;2;0;29;9.9;1;10;9;26;3;0;0;29;3.1;1;29;2623;9;29;10;20;0;12856;9;29;;;0;;;0;;;;;;0;;;;;;;;;;;;;;;;
75116008;LONGCHAMP;48.854833;2.233667;27;202403;83.4;1;31;;11.4;1;2;15;8;2;0;0;0;;;0;;;;14.3;1;31;;21.5;1;20;8.8;1;2;0;0;0;0;29;31;0;5.7;1;31;;-2.5;1;4;12.8;1;15;0;0;28;31;31;0;0;3;8.6;1;17.0;1;20;31;10.0;1;31;9.7;1;31;0;4.8;1;4;14.9;1;15;39;1;20;31;99;1;31;31;78;1;31;9.4;9;31;50.5;1;20.1;1;200;1;28;18;4;0;31;17.4;1;;0;28;12;1;0;30;10.0;1;200;1;28;3;1;0;30;2.4;1;31;7737;9;31;1;14;4;31551;9;31;;;0;;;0;;;;;;0;;;;;;;;;;;;;;;;
75116008;LONGCHAMP;48.854833;2.233667;27;202404;65.1;1;30;;11.7;1;4;13;6;1;0;0;0;;;0;;;;16.8;1;30;;25.7;1;13;11.3;1;24;0;1;0;0;25;30;0;7.0;1;30;;-0.1;1;25;13.8;1;7;0;0;23;30;30;0;0;1;9.8;1;17.1;1;13;30;11.9;1;30;11.8;1;30;0;6.9;1;23;17.2;1;13;31;1;23;30;99;1;13;30;72;1;30;10.1;9;30;79.9;1;22.6;1;340;1;15;21;3;0;30;18.5;1;;0;15;19;2;0;30;8.8;1;310;1;15;5;0;0;29;2.9;1;30;8760;9;30;2;8;2;42904;9;30;;;0;;;0;;;;;;0;;;;;;;;;;;;;;;;
75116008;LONGCHAMP;48.854833;2.233667;27;202405;117.2;1;31;;20.0;1;20;16;8;5;0;0;0;;;0;;;;20.2;1;31;;27.1;1;12;13.9;1;2;0;2;0;0;12;30;0;10.1;1;31;;3.8;1;4;15.7;1;26;0;0;14;30;31;0;0;0;10.1;1;18.5;1;11;31;15.2;1;31;14.9;1;31;0;9.6;1;4;19.4;1;26;37;1;11;31;99;1;20;31;78;1;31;13.1;9;31;100.2;1;16.0;1;200;1;12;11;1;0;31;14.7;1;;0;12;5;0;0;29;7.5;1;210;1;12;0;0;0;30;2.1;1;31;9437;9;31;3;10;2;51357;9;31;;;0;;;0;;;;;;0;;;;;;;;;;;;;;;;
75116008;LONGCHAMP;48.854833;2.233667;27;202406;33.0;1;30;;7.2;1;18;9;3;0;0;0;0;;;0;;;;23.3;1;30;;32.9;1;26;14.3;1;1;0;9;3;0;7;26;1;11.6;1;30;;4.6;1;11;16.8;1;27;0;0;9;25;30;0;0;0;11.7;1;17.2;1;26;30;17.4;1;30;17.5;1;30;1;12.0;1;11;24.3;1;26;37;1;26;30;98;1;24;30;71;1;30;14.0;9;30;125.4;1;14.3;1;190;1;15;11;0;0;30;13.2;1;;0;15;6;0;0;30;7.2;1;210;1;15;0;0;0;30;2.3;1;30;13085;9;30;1;6;6;60764;9;30;;;0;;;0;;;;;;0;;;;;;;;;;;;;;;;
75116008;LONGCHAMP;48.854833;2.233667;27;202407;59.4;1;31;;15.8;1;26;13;3;1;0;0;0;;;0;;;;26.2;1;31;;36.6;1;30;19.3;1;27;0;18;6;1;1;20;3;14.3;1;31;;7.9;1;7;20.8;1;31;0;0;3;19;30;1;0;0;11.9;1;18.5;1;30;31;20.3;1;31;20.2;1;31;4;15.2;1;7;27.4;1;30;30;1;19;31;99;1;28;31;69;1;31;16.1;9;31;130.0;1;15.0;1;310;1;4;13;0;0;31;13.9;1;;0;4;9;0;0;31;6.4;1;310;1;9;0;0;0;31;1.8;1;31;12185;9;31;0;5;2;58306;9;31;;;0;;;0;;;;;;0;;;;;;;;;;;;;;;;
75116008;LONGCHAMP;48.854833;2.233667;27;202408;55.4;1;31;;21.8;1;1;5;4;2;0;0;0;;;0;;;;26.9;1;31;;36.7;1;12;19.6;1;30;0;22;4;1;1;16;2;15.1;1;31;;8.9;1;26;20.4;1;1;0;0;1;16;29;2;0;0;11.8;1;20.5;1;28;31;21.0;1;31;20.8;1;31;3;16.6;1;21;27.5;1;12;28;1;28;31;98;1;28;31;71;1;31;17.1;9;31;122.8;1;13.9;1;300;1;24;4;0;0;31;12.7;1;;0;24;3;0;0;31;6.8;1;200;1;24;0;0;0;31;1.9;1;31;14488;9;31;1;5;9;57794;9;31;;;0;;;0;;;;;;0;;;;;;;;;;;;;;;;
75116008;LONGCHAMP;48.854833;2.233667;27;202409;96.6;1;30;;16.4;1;25;15;7;3;0;0;0;;;0;;;;20.5;1;30;;28.8;1;1;14.9;1;29;0;3;0;0;15;29;0;11.8;1;30;;2.8;1;29;17.9;1;3;0;0;8;22;30;0;0;0;8.8;1;16.1;1;15;30;16.2;1;30;15.8;1;30;0;8.9;1;29;22.8;1;1;39;1;19;30;100;1;29;30;81;1;30;14.5;9;30;62.6;1;15.4;1;210;1;27;13;0;0;29;13.9;1;;0;27;8;0;0;24;7.7;1;210;1;27;0;0;0;24;2.3;1;30;7636;9;30;2;11;2;32613;9;30;;;0;;;0;;;;;;0;;;;;;;;;;;;;;;;
75116008;LONGCHAMP;48.854833;2.233667;27;202410;148.5;1;31;;75.4;1;9;11;5;4;1;1;0;;;0;;;;17.5;1;31;;25.5;1;16;12.2;1;31;0;1;0;0;28;31;0;9.5;1;31;;2.6;1;4;15.9;1;17;0;0;16;29;31;0;0;0;8.0;1;14.7;1;24;31;13.5;1;31;13.5;1;31;0;9.8;1;4;19.1;1;16;44;1;11;31;100;1;29;31;88;1;31;13.6;9;31;27.9;1;13.9;1;190;1;8;7;0;0;31;12.0;1;;0;8;4;0;0;31;6.7;1;170;1;16;0;0;0;31;1.9;1;31;5688;9;31;5;18;3;20232;9;31;;;0;;;0;;;;;;0;;;;;;;;;;;;;;;;
75116008;LONGCHAMP;48.854833;2.233667;27;202411;38.6;1;30;;11.4;1;19;5;4;2;0;0;0;;;0;;;;11.5;1;30;;17.9;1;24;2.5;1;21;0;0;0;0;30;30;0;5.6;1;30;;-1.6;1;22;10.1;1;2;0;0;29;30;30;0;0;4;5.9;1;13.0;1;23;30;8.5;1;30;8.7;1;30;0;0.8;1;21;13.9;1;24;48;1;20;30;100;1;29;30;85;1;30;9.7;9;30;12.6;1;16.9;1;200;1;24;11;1;0;30;15.0;1;;0;24;9;0;0;30;8.4;1;200;1;24;3;0;0;30;2.4;1;30;3045;9;30;11;22;2;9405;9;30;;;0;;;0;;;;;;0;;;;;;;;;;;;;;;;
75116008;LONGCHAMP;48.854833;2.233667;27;202412;52.2;1;31;;14.8;1;21;12;4;1;0;0;0;;;0;;;;8.8;1;31;;14.1;1;18;1.7;1;28;0;0;0;0;31;31;0;3.8;1;31;;-2.6;1;27;8.9;1;16;0;0;31;31;31;0;0;4;5.0;1;10.9;1;1;31;6.3;1;31;6.5;1;31;0;-0.2;1;28;10.3;1;18;58;1;6;31;100;1;27;31;87;1;31;8.5;9;31;8.7;1;17.9;1;320;1;22;14;3;0;31;16.2;1;;0;7;10;1;0;30;9.3;1;340;1;8;1;0;0;30;2.7;1;31;2578;9;31;14;21;1;6842;9;31;;;0;;;0;;;;;;0;;;;;;;;;;;;;;;;
75116008;LONGCHAMP;48.854833;2.233667;27;202501;105.4;1;31;;19.4;1;22;14;7;6;0;0;0;;;0;;;;7.9;1;31;;13.2;1;5;1.7;1;17;0;0;0;0;31;31;0;1.2;1;31;;-7.1;1;14;8.8;1;27;2;0;31;31;31;0;0;14;6.6;1;17.1;1;4;31;4.6;1;31;4.5;1;31;0;-1.2;1;14;10.6;1;25;54;1;13;31;100;1;31;31;86;1;31;7.5;9;31;10.3;1;21.5;1;200;1;27;16;5;0;31;18.8;1;;0;27;15;2;0;31;9.6;1;160;1;27;6;0;0;31;2.8;1;31;3241;9;31;12;22;3;9043;9;31;;;0;;;0;;;;;;0;;;;;;;;;;;;;;;;
75116008;LONGCHAMP;48.854833;2.233667;27;202502;41.4;1;28;;20.2;1;25;8;2;1;0;0;0;;;0;;;;8.9;1;28;;16.1;1;21;4.0;1;4;0;0;0;0;28;28;0;1.4;1;28;;-4.6;1;2;10.8;1;24;0;0;27;28;28;0;0;10;7.5;1;13.7;1;23;28;5.2;1;28;5.3;1;28;0;1.4;1;16;12.2;1;24;50;1;14;28;100;1;23;28;83;1;28;7.5;9;28;14.0;1;18.4;1;300;1;25;10;1;0;28;16.8;1;;0;25;6;1;0;28;8.5;1;320;1;25;1;0;0;28;2.1;1;28;5639;9;28;9;14;6;15665;9;28;;;0;;;0;;;;;;0;;;;;;;;;;;;;;;;
75116008;LONGCHAMP;48.854833;2.233667;27;202503;19.8;1;31;;5.0;1;28;4;2;0;0;0;0;;;0;;;;14.5;1;31;;19.6;1;20;7.9;1;1;0;0;0;0;31;31;0;2.8;1;31;;-3.6;1;3;11.6;1;22;0;0;30;31;31;0;0;7;11.7;1;21.2;1;5;31;8.6;1;31;8.5;1;31;0;2.8;1;14;15.1;1;22;33;1;6;31;100;1;31;31;73;1;31;8.0;9;31;50.9;1;15.0;1;140;1;22;9;0;0;31;14.2;1;;0;22;5;0;0;31;7.9;1;150;1;22;0;0;0;31;2.3;1;31;11183;9;31;0;9;11;37512;9;31;;;0;;;0;;;;;;0;;;;;;;;;;;;;;;;
75116008;LONGCHAMP;48.854833;2.233667;27;202504;32.9;1;30;;15.5;1;23;7;1;1;0;0;0;;;0;;;;19.5;1;30;;28.0;1;30;15.1;1;16;0;2;0;0;20;29;0;5.7;1;30;;0.2;1;8;12.8;1;13;0;0;28;30;30;0;0;0;13.8;1;20.6;1;30;30;12.6;1;30;12.8;1;30;0;8.9;1;7;17.7;1;30;23;1;7;30;100;1;28;30;68;1;30;9.7;9;30;85.9;1;16.6;1;80;1;1;11;1;0;30;13.8;1;;0;1;8;0;0;30;8.0;1;190;1;15;1;0;0;30;2.1;1;30;13915;9;30;0;8;12;52101;9;30;;;0;;;0;;;;;;0;;;;;;;;;;;;;;;;
75116008;LONGCHAMP;48.854833;2.233667;27;202505;38.2;1;31;;19.2;1;3;6;2;1;0;0;0;;;0;;;;22.2;1;31;;30.3;1;30;15.3;1;5;0;8;1;0;10;27;0;8.7;1;31;;3.9;1;19;15.1;1;25;0;0;22;30;31;0;0;0;13.5;1;20.1;1;1;31;15.4;1;31;15.7;1;31;0;11.0;1;5;21.7;1;31;27;1;16;31;100;1;30;31;66;1;31;11.7;9;31;123.5;1;18.4;1;310;1;3;12;1;0;31;15.7;1;;0;3;10;0;0;31;7.6;1;310;1;25;0;0;0;31;2.6;1;31;14513;9;31;0;3;7;63113;9;31;;;0;;;0;;;;;;0;;;;;;;;;;;;;;;;
75116008;LONGCHAMP;48.854833;2.233667;27;202506;49.6;1;30;;25.0;1;25;5;3;2;0;0;0;;;0;;;;27.9;1;30;;37.1;1;25;19.5;1;5;0;20;12;3;1;13;5;14.1;1;30;;6.7;1;3;19.5;1;27;0;0;5;19;30;0;0;0;13.9;1;22.9;1;21;30;21.0;1;30;21.2;1;30;10;15.4;1;3;27.6;1;30;18;1;21;30;100;1;14;30;65;1;30;15.6;9;30;150.2;1;18.2;1;280;9;13;10;2;0;30;15.5;1;;0;13;6;0;0;30;8.6;1;300;9;13;1;0;0;30;2.1;1;30;17344;9;30;0;3;13;68648;9;30;;;0;;;0;;;;;;0;;;;;;;;;;;;;;;;
75116008;LONGCHAMP;48.854833;2.233667;27;202507;84.8;1;31;;16.5;1;21;11;7;2;0;0;0;;;0;;;;26.5;1;31;;38.6;1;1;20.4;1;7;0;18;4;1;0;19;2;15.2;1;31;;8.7;1;9;21.4;1;19;0;0;1;16;29;2;0;0;11.3;1;20.7;1;1;31;20.9;1;31;20.8;1;31;4;16.9;1;29;28.3;1;1;22;1;1;31;100;1;17;31;68;1;31;16.1;9;31;139.4;1;16.8;1;310;1;2;16;1;0;31;14.1;1;;0;2;10;0;0;31;9.0;1;330;1;2;2;0;0;31;2.2;1;31;13763;9;31;0;8;8;61177;9;31;;;0;;;0;;;;;;0;;;;;;;;;;;;;;;;
75116008;LONGCHAMP;48.854833;2.233667;27;202508;33.4;1;31;;22.2;1;29;6;1;1;0;0;0;;;0;;;;27.1;1;31;;35.6;1;12;19.4;1;20;0;22;5;1;1;15;3;14.3;1;31;;8.6;1;23;18.7;1;4;0;0;2;15;31;0;0;0;12.8;1;20.7;1;12;31;20.7;1;31;20.5;1;31;4;17.0;1;22;26.2;1;13;19;1;11;31;99;1;25;31;66;1;31;15.3;9;31;127.8;1;13.5;1;320;1;29;12;0;0;31;11.0;1;;0;29;7;0;0;31;6.5;1;360;9;21;0;0;0;31;2.2;1;31;16646;9;31;1;2;10;60163;9;31;;;0;;;0;;;;;;0;;;;;;;;;;;;;;;;
75116008;LONGCHAMP;48.854833;2.233667;27;202509;43.6;1;30;;7.2;1;23;11;3;0;0;0;0;;;0;;;;21.3;1;30;;31.0;1;19;11.4;1;24;0;5;2;0;11;28;0;11.5;1;30;;5.0;1;28;17.7;1;8;0;0;9;26;30;0;0;0;9.8;1;22.0;1;19;30;16.4;1;30;15.9;1;30;0;10.9;1;24;21.6;1;7;32;1;19;30;100;1;30;30;77;1;30;13.7;9;30;70.5;1;17.9;1;240;1;3;17;1;0;30;15.6;1;;0;3;14;0;0;30;8.2;1;190;1;3;1;0;0;30;2.5;1;30;9420;9;30;3;10;4;35469;9;30;;;0;;;0;;;;;;0;;;;;;;;;;;;;;;;
75116008;LONGCHAMP;48.854833;2.233667;27;202510;14.8;1;10;;9.4;1;4;2;1;0;0;0;0;;;0;;;;18.5;1;10;;21.1;1;7;14.6;1;10;0;0;0;0;8;10;0;8.1;1;10;;5.1;1;2;11.5;1;3;0;0;7;10;10;0;0;0;10.4;1;15.2;1;1;10;13.3;1;10;13.4;1;10;0;10.9;1;10;15.4;1;3;38;1;2;10;100;1;8;10;79;1;10;12.0;9;10;;;18.4;1;310;1;4;3;1;0;10;17.5;1;;0;4;3;1;0;10;8.9;1;320;1;4;1;0;0;10;1.8;1;10;2312;9;10;2;4;0;8711;9;10;;;0;;;0;;;;;;0;;;;;;;;;;;;;;;;
